Data	Scaling	1-bit	1.5-bit	2-bit	2.3-bit	2.8-bit	3-bit	3.2-bit	3.9-bit	4-bit	5-bit
bloom-560m/0.mlp.dense_4h_to_h	mse	0.011250661686062813	0.002252540085464716	0.0017443508841097355	0.0007897375617176294	0.0004016745660919696	0.00033753609750419855	0.00024018318799789995	8.360993524547666e-05	7.549100700998679e-05	2.2292086214292794e-05
bloom-560m/0.mlp.dense_h_to_4h	mse	0.060383234173059464	0.026584554463624954	0.015879923477768898	0.010794006288051605	0.005890554748475552	0.0046584466472268105	0.003827836597338319	0.0016357883578166366	0.0014692656695842743	0.0004473594017326832
bloom-560m/0.self_attention.dense	mse	0.0057520996779203415	0.0008345135720446706	0.0003785071603488177	0.00018802523845806718	9.63212369242683e-05	7.602342520840466e-05	6.170960114104673e-05	2.5856439606286585e-05	2.3090431568562053e-05	6.801223662478151e-06
bloom-560m/0.self_attention.query_key_value	mse	0.09756386280059814	0.04525868967175484	0.027388401329517365	0.018477419391274452	0.010175910778343678	0.008079036138951778	0.006444426253437996	0.0024947216734290123	0.002215926768258214	0.0006333201308734715
bloom-560m/1.mlp.dense_4h_to_h	mse	0.004886203445494175	0.0019181864336133003	0.0011707769008353353	0.0007703384617343545	0.00043044358608312905	0.0003362587303854525	0.00027940384461544454	0.0001140651002060622	0.00010294740786775947	3.543976345099509e-05
bloom-560m/1.mlp.dense_h_to_4h	mse	0.08575430512428284	0.035703033208847046	0.020950887352228165	0.014114649035036564	0.007855944335460663	0.006253763101994991	0.0051178401336073875	0.002139096613973379	0.0019178621005266905	0.0005754122976213694
bloom-560m/1.self_attention.dense	mse	0.0017425103578716516	0.00046084373025223613	0.0002554560196585953	0.00016434534336440265	9.151420090347528e-05	7.353330875048414e-05	5.9862992202397436e-05	2.5886449293466285e-05	2.3271852114703506e-05	7.2547668423794676e-06
bloom-560m/1.self_attention.query_key_value	mse	0.11211135238409042	0.049308668822050095	0.0289306640625	0.019414862617850304	0.01080766599625349	0.008596033789217472	0.00703169172629714	0.002967873588204384	0.002669230103492737	0.0008146467735059559
bloom-560m/10.mlp.dense_4h_to_h	mse	0.006789009552448988	0.003120714332908392	0.0022429190576076508	0.001377583364956081	0.0008086513262242079	0.0008400464430451393	0.0005453482153825462	0.00024598490563221276	0.0003137603052891791	0.00011584993626456708
bloom-560m/10.mlp.dense_h_to_4h	mse	0.10983185470104218	0.050397951155900955	0.03122517839074135	0.020501377061009407	0.011383116245269775	0.009287068620324135	0.00740436464548111	0.0030250931158661842	0.0027162672486156225	0.0007942637894302607
bloom-560m/10.self_attention.dense	mse	0.003076185006648302	0.0015068164793774486	0.0009373261709697545	0.0006491513922810555	0.0003781536070164293	0.00030628664535470307	0.00025296243256889284	0.00011180336878169328	0.00010082463268190622	3.194364398950711e-05
bloom-560m/10.self_attention.query_key_value	mse	2.49332594871521	1.141178011894226	0.6510800719261169	0.42594945430755615	0.2641100287437439	0.22375915944576263	0.1991693377494812	0.08417779207229614	0.07119662314653397	0.003275493858382106
bloom-560m/11.mlp.dense_4h_to_h	mse	0.006617114879190922	0.0032199255656450987	0.002100879093632102	0.0014269868843257427	0.0008397054625675082	0.000716335722245276	0.0005653739208355546	0.0002536333922762424	0.0002500731498003006	8.828587306197733e-05
bloom-560m/11.mlp.dense_h_to_4h	mse	0.11240032315254211	0.05118802934885025	0.032261572778224945	0.021197523921728134	0.012059660628437996	0.009948000311851501	0.0077371117658913136	0.0031869295053184032	0.0029117974918335676	0.0008469940512441099
bloom-560m/11.self_attention.dense	mse	0.002929715672507882	0.001456213416531682	0.0009181813802570105	0.0006372502539306879	0.00036950738285668194	0.0002999918069690466	0.00024618321913294494	0.00010671565541997552	9.636491449782625e-05	2.964769009849988e-05
bloom-560m/11.self_attention.query_key_value	mse	0.6945012211799622	0.3919227123260498	0.29176872968673706	0.22318719327449799	0.15901754796504974	0.1417684555053711	0.12223335355520248	0.05383851006627083	0.048659127205610275	0.003128076670691371
bloom-560m/12.mlp.dense_4h_to_h	mse	0.006956483703106642	0.0035617826506495476	0.0022660167887806892	0.001592891989275813	0.000945929205045104	0.0007831105613149703	0.0006445113103836775	0.0002981609432026744	0.0002821255475282669	0.0001036352914525196
bloom-560m/12.mlp.dense_h_to_4h	mse	0.13693399727344513	0.06210048869252205	0.03863951563835144	0.0255074854940176	0.014346237294375896	0.011910505592823029	0.009251085110008717	0.0038657484110444784	0.0036447877064347267	0.0010477073956280947
bloom-560m/12.self_attention.dense	mse	0.002904580207541585	0.0014514339854940772	0.0009060955489985645	0.0006307795410975814	0.0003667313721962273	0.00029578531393781304	0.00024386221775785089	0.00010612618643790483	9.543640044284984e-05	2.953061084554065e-05
bloom-560m/12.self_attention.query_key_value	mse	0.9729970097541809	0.517007052898407	0.35735413432121277	0.27461275458335876	0.1945865899324417	0.1709994524717331	0.1528632789850235	0.07333756238222122	0.06431454420089722	0.0038467354606837034
bloom-560m/13.mlp.dense_4h_to_h	mse	0.006774470210075378	0.003492620773613453	0.0022161873057484627	0.0015579956816509366	0.0009237070335075259	0.000754855340346694	0.0006280179368332028	0.00028841139283031225	0.0002656754804775119	9.543575288262218e-05
bloom-560m/13.mlp.dense_h_to_4h	mse	0.1429300308227539	0.06523271650075912	0.03933871537446976	0.026789190247654915	0.014969492331147194	0.011868235655128956	0.009704465046525002	0.004028164781630039	0.00361060188151896	0.0010563961695879698
bloom-560m/13.self_attention.dense	mse	0.002965374384075403	0.0015145441284403205	0.0009591981652192771	0.0006703526014462113	0.0003924087795894593	0.00031679036328569055	0.00026209201314486563	0.0001144289126386866	0.00010304158786311746	3.208547059330158e-05
bloom-560m/13.self_attention.query_key_value	mse	0.6301822066307068	0.37332049012184143	0.2795940935611725	0.22411052882671356	0.166279599070549	0.1486041396856308	0.13307742774486542	0.057760387659072876	0.0479787178337574	0.006234002765268087
bloom-560m/14.mlp.dense_4h_to_h	mse	0.007106550503522158	0.003661439521238208	0.0023200511932373047	0.0016360725276172161	0.0009733816841617227	0.0007922322256490588	0.0006620314088650048	0.000306719884974882	0.000278278486803174	9.941869939211756e-05
bloom-560m/14.mlp.dense_h_to_4h	mse	0.13958460092544556	0.06372831761837006	0.03825652599334717	0.02596074715256691	0.014548965729773045	0.011591969057917595	0.009488986805081367	0.00396236777305603	0.00354562746360898	0.0010520588839426637
bloom-560m/14.self_attention.dense	mse	0.0026012070011347532	0.0012745687272399664	0.0007904332014732063	0.0005482600536197424	0.00031633360777050257	0.0002541043213568628	0.00020967725140508264	9.023218444781378e-05	8.090929622994736e-05	2.4997625587275252e-05
bloom-560m/14.self_attention.query_key_value	mse	0.5870468020439148	0.3567500412464142	0.27123793959617615	0.2203688621520996	0.16720907390117645	0.14905549585819244	0.13244664669036865	0.058702871203422546	0.05054439976811409	0.006484146695584059
bloom-560m/15.mlp.dense_4h_to_h	mse	0.00759096397086978	0.003893798217177391	0.002474080305546522	0.0017467166762799025	0.001039530849084258	0.0008475704817101359	0.0007083452655933797	0.0003287590225227177	0.00029890710720792413	0.00010575333726592362
bloom-560m/15.mlp.dense_h_to_4h	mse	0.14268633723258972	0.06514853239059448	0.039357420057058334	0.026684366166591644	0.014947719871997833	0.011904148384928703	0.009742660447955132	0.004081712104380131	0.0036470715422183275	0.0010866402881219983
bloom-560m/15.self_attention.dense	mse	0.0026004756800830364	0.0013229760807007551	0.0008419006480835378	0.0005875664646737278	0.0003439625434111804	0.0002810436417348683	0.00023066038556862622	0.0001017094764392823	9.251599112758413e-05	2.9072183679090813e-05
bloom-560m/15.self_attention.query_key_value	mse	0.5808764696121216	0.32864436507225037	0.24136990308761597	0.19101865589618683	0.13848479092121124	0.12312465906143188	0.10724510997533798	0.048278406262397766	0.04175605997443199	0.004821076523512602
bloom-560m/16.mlp.dense_4h_to_h	mse	0.008443279191851616	0.004355005919933319	0.0027627365197986364	0.001945610623806715	0.0011580653954297304	0.0009455457329750061	0.0007905613165348768	0.0003683600516524166	0.00033532583620399237	0.00012113607954233885
bloom-560m/16.mlp.dense_h_to_4h	mse	0.14166957139968872	0.06529466062784195	0.040154263377189636	0.026860086247324944	0.015164210461080074	0.012347784824669361	0.00985903199762106	0.004127191379666328	0.003784019034355879	0.001104559749364853
bloom-560m/16.self_attention.dense	mse	0.0028264233842492104	0.001424324931576848	0.0008925535948947072	0.0006224778480827808	0.0003625354147516191	0.00029196625109761953	0.00024225859669968486	0.00010531514999456704	9.49016903177835e-05	2.9485234335879795e-05
bloom-560m/16.self_attention.query_key_value	mse	0.6207594275474548	0.3609616756439209	0.27312180399894714	0.22046108543872833	0.16780821979045868	0.15164731442928314	0.1367167830467224	0.07450806349515915	0.06725964695215225	0.009646552614867687
bloom-560m/17.mlp.dense_4h_to_h	mse	0.009798229672014713	0.005052253138273954	0.0032194480299949646	0.0022873173002153635	0.0013771801022812724	0.0011274993885308504	0.000948287604842335	0.0004505893448367715	0.0004097917699255049	0.00015157599409576505
bloom-560m/17.mlp.dense_h_to_4h	mse	0.14180083572864532	0.06446685642004013	0.038714539259672165	0.026342175900936127	0.01479426957666874	0.011779027990996838	0.009654207155108452	0.0040547545067965984	0.0036378735676407814	0.0010867135133594275
bloom-560m/17.self_attention.dense	mse	0.003043600358068943	0.0014673672849312425	0.0009149910183623433	0.000635374803096056	0.00036406645085662603	0.0002944680745713413	0.00024379239766858518	0.00010704176384024322	9.667460835771635e-05	3.0847746529616416e-05
bloom-560m/17.self_attention.query_key_value	mse	0.5035109519958496	0.26836907863616943	0.19301556050777435	0.1492745727300644	0.10611463338136673	0.09334415942430496	0.08276238292455673	0.04111495614051819	0.03578275814652443	0.003881421172991395
bloom-560m/18.mlp.dense_4h_to_h	mse	0.011478481814265251	0.005934313405305147	0.0037956596352159977	0.0027014773804694414	0.0016399337910115719	0.0013499818742275238	0.001137876301072538	0.0005469867028295994	0.0005008382722735405	0.00018591791740618646
bloom-560m/18.mlp.dense_h_to_4h	mse	0.14826032519340515	0.06690701842308044	0.040152013301849365	0.027310198172926903	0.015405615791678429	0.012286820448935032	0.010070405900478363	0.0042575933039188385	0.003804521169513464	0.0011452019680291414
bloom-560m/18.self_attention.dense	mse	0.0038787354715168476	0.0018895440734922886	0.0012153938878327608	0.0008361347718164325	0.0004928659182041883	0.000402395729906857	0.000330751616274938	0.00014656357234343886	0.00013173837214708328	4.18244962929748e-05
bloom-560m/18.self_attention.query_key_value	mse	1.1159793138504028	0.4556170403957367	0.27317583560943604	0.19156910479068756	0.1286044716835022	0.11708507686853409	0.09874245524406433	0.05350388213992119	0.048995424062013626	0.004505668301135302
bloom-560m/19.mlp.dense_4h_to_h	mse	0.013872048817574978	0.0071199513040483	0.004569916054606438	0.0032618504483252764	0.0019937814213335514	0.0016435128636658192	0.0013867965899407864	0.0006704995175823569	0.0006162990466691554	0.0002361083752475679
bloom-560m/19.mlp.dense_h_to_4h	mse	0.15304912626743317	0.06945952773094177	0.04167206585407257	0.02834247052669525	0.015954822301864624	0.012721940875053406	0.010429119691252708	0.004389384761452675	0.003929761238396168	0.0011812570737674832
bloom-560m/19.self_attention.dense	mse	0.004899165593087673	0.002388509688898921	0.0015020412392914295	0.0010487076360732317	0.0006132808630354702	0.0004943233216181397	0.00041102812974713743	0.00018141861073672771	0.0001633679203223437	5.1268201787024736e-05
bloom-560m/19.self_attention.query_key_value	mse	0.6815056800842285	0.39015090465545654	0.29064616560935974	0.23137469589710236	0.16959375143051147	0.15054677426815033	0.1350432187318802	0.06735910475254059	0.05814310908317566	0.005093100946396589
bloom-560m/2.mlp.dense_4h_to_h	mse	0.0049736471846699715	0.0024097743444144726	0.0015162182971835136	0.001061497488990426	0.0006307798903435469	0.0005150205106474459	0.000429747742600739	0.00020078590023331344	0.0001824181090341881	6.641472282353789e-05
bloom-560m/2.mlp.dense_h_to_4h	mse	0.13848777115345	0.05602940917015076	0.032376836985349655	0.021634308621287346	0.011985698714852333	0.009528284892439842	0.007773162797093391	0.00323663791641593	0.0028969389386475086	0.0008642071625217795
bloom-560m/2.self_attention.dense	mse	0.0011408263817429543	0.00042878472595475614	0.00026617987896315753	0.00016419898020103574	9.213648445438594e-05	7.344037294387817e-05	5.9610825701383874e-05	2.5573144739610143e-05	2.295449303346686e-05	7.293412181752501e-06
bloom-560m/2.self_attention.query_key_value	mse	0.12897510826587677	0.0574084110558033	0.03380662947893143	0.0227253045886755	0.01262612920254469	0.010038602165877819	0.008209671825170517	0.0034223676193505526	0.0030625772196799517	0.000919317186344415
bloom-560m/20.mlp.dense_4h_to_h	mse	0.026732269674539566	0.011309713125228882	0.007117589004337788	0.004965428728610277	0.0030658189207315445	0.002537533175200224	0.0021613831631839275	0.001083113020285964	0.0009885771432891488	0.0003819075645878911
bloom-560m/20.mlp.dense_h_to_4h	mse	0.16977408528327942	0.07257312536239624	0.042985670268535614	0.028987575322389603	0.01627754047513008	0.012968258932232857	0.010636534541845322	0.004499813541769981	0.0040260180830955505	0.001223145634867251
bloom-560m/20.self_attention.dense	mse	0.01255064271390438	0.004520255606621504	0.002696048468351364	0.0018552057445049286	0.0011036470532417297	0.0009007747285068035	0.0007569102453999221	0.00034323736326768994	0.00031388120260089636	0.00010101708176080137
bloom-560m/20.self_attention.query_key_value	mse	0.7384467720985413	0.4527597725391388	0.34933748841285706	0.28478753566741943	0.21302783489227295	0.19202937185764313	0.1697811484336853	0.08909986168146133	0.08055160194635391	0.0072203767485916615
bloom-560m/21.mlp.dense_4h_to_h	mse	0.2269507199525833	0.02890406921505928	0.020175164565443993	0.011604974046349525	0.007511716801673174	0.007057654671370983	0.005699271336197853	0.003220777492970228	0.0030651744455099106	0.0012194165028631687
bloom-560m/21.mlp.dense_h_to_4h	mse	0.18162056803703308	0.07799925655126572	0.04618309810757637	0.03140395134687424	0.017544815316796303	0.01381385512650013	0.01145945955067873	0.004854294471442699	0.004272244870662689	0.001364085590466857
bloom-560m/21.self_attention.dense	mse	0.26487356424331665	0.017177103087306023	0.018475698307156563	0.0050981477834284306	0.0029027345590293407	0.003191102994605899	0.0019236530642956495	0.0008520585251972079	0.0008268767851404846	0.0002326280518900603
bloom-560m/21.self_attention.query_key_value	mse	0.9556682705879211	0.5303887724876404	0.39676856994628906	0.3181177079677582	0.23334600031375885	0.20628170669078827	0.18392200767993927	0.09057293087244034	0.08197395503520966	0.014761015772819519
bloom-560m/22.mlp.dense_4h_to_h	mse	0.047513823956251144	0.022670429199934006	0.020789746195077896	0.013024639338254929	0.008927136659622192	0.00948081910610199	0.006902453023940325	0.0035456009209156036	0.003839869285002351	0.0013252132339403033
bloom-560m/22.mlp.dense_h_to_4h	mse	0.2236364483833313	0.09098872542381287	0.05132994055747986	0.029165003448724747	0.015948288142681122	0.012768360786139965	0.0105050727725029	0.00458167539909482	0.004123203456401825	0.0013336612610146403
bloom-560m/22.self_attention.dense	mse	0.4817597270011902	0.021811308339238167	0.04051538556814194	0.006047450006008148	0.003090814221650362	0.004112160764634609	0.0020877933129668236	0.0008674253476783633	0.000824703776743263	0.00024666241370141506
bloom-560m/22.self_attention.query_key_value	mse	3.468881845474243	1.1854323148727417	0.5208064317703247	0.22561579942703247	0.1092962846159935	0.09533338993787766	0.08711276203393936	0.0828300416469574	0.08573102205991745	0.03414629399776459
bloom-560m/23.mlp.dense_4h_to_h	mse	0.02911628782749176	0.016686011105775833	0.01490714680403471	0.010186358354985714	0.0074532246217131615	0.007376240566372871	0.005980385467410088	0.0036513805389404297	0.0036062379367649555	0.0009339932003058493
bloom-560m/23.mlp.dense_h_to_4h	mse	0.4058876931667328	0.09655289351940155	0.12100633233785629	0.030709169805049896	0.013592255301773548	0.010717961937189102	0.008582760579884052	0.0036236499436199665	0.0032494934275746346	0.001009159255772829
bloom-560m/23.self_attention.dense	mse	0.011221971362829208	0.002522852038964629	0.0038917125202715397	0.0010119015350937843	0.0005591255030594766	0.0009983910713344812	0.000364223204087466	0.0001652680803090334	0.0001865892845671624	5.376016997615807e-05
bloom-560m/23.self_attention.query_key_value	mse	0.193466916680336	0.0694536417722702	0.03782173618674278	0.023981543257832527	0.012775924056768417	0.010161046870052814	0.008283599279820919	0.0035280410666018724	0.003161233151331544	0.0009897941490635276
bloom-560m/3.mlp.dense_4h_to_h	mse	0.006893330253660679	0.0030924107413738966	0.002200101502239704	0.0013835735153406858	0.0008370000869035721	0.0008741361671127379	0.0005792137235403061	0.000273867801297456	0.0003412415971979499	9.825904271565378e-05
bloom-560m/3.mlp.dense_h_to_4h	mse	0.14149592816829681	0.06069282442331314	0.03550203517079353	0.023771606385707855	0.01315328199416399	0.010423993691802025	0.008502046577632427	0.003530704416334629	0.0031568664126098156	0.0009400492999702692
bloom-560m/3.self_attention.dense	mse	0.0023036969359964132	0.0008473811321891844	0.0007476705359295011	0.0003568657557480037	0.0001671795325819403	0.00019417009025346488	9.672178566688672e-05	4.059887214680202e-05	3.796455712290481e-05	1.1178730346728116e-05
bloom-560m/3.self_attention.query_key_value	mse	0.13384287059307098	0.06003139913082123	0.0355270616710186	0.023835986852645874	0.013257124461233616	0.010532299987971783	0.008606883697211742	0.0035833700094372034	0.0032086772844195366	0.000965367304161191
bloom-560m/4.mlp.dense_4h_to_h	mse	0.06585656851530075	0.0041902754455804825	0.06200293079018593	0.0018014381639659405	0.0011200819863006473	0.04951614886522293	0.0007502119988203049	0.00033250392880290747	0.02236919105052948	0.004286592826247215
bloom-560m/4.mlp.dense_h_to_4h	mse	0.1270875781774521	0.05644091218709946	0.033416926860809326	0.02241976372897625	0.012445641681551933	0.009843309409916401	0.008044328540563583	0.003328335005789995	0.002972035901620984	0.0008796714246273041
bloom-560m/4.self_attention.dense	mse	0.0022910365369170904	0.0007711010985076427	0.0006957039004191756	0.0003070642123930156	0.00017279994790442288	0.00020121927082072943	0.00011386660480638966	4.886127862846479e-05	4.6297413064166903e-05	1.3691633284906857e-05
bloom-560m/4.self_attention.query_key_value	mse	0.13844291865825653	0.0621456615626812	0.03709142655134201	0.02494262158870697	0.013823372311890125	0.01094913762062788	0.008913073688745499	0.0036755912005901337	0.003285430371761322	0.0009705462143756449
bloom-560m/5.mlp.dense_4h_to_h	mse	0.008708426728844643	0.003339467104524374	0.0031532119028270245	0.001448650611564517	0.0008393858443014324	0.0016569376457482576	0.000556640443392098	0.00024081548326648772	0.0009128511883318424	0.00032831565476953983
bloom-560m/5.mlp.dense_h_to_4h	mse	0.10046961903572083	0.04455394297838211	0.026725074276328087	0.017995363101363182	0.010117445141077042	0.007974199950695038	0.006622002460062504	0.0027525199111551046	0.002445587422698736	0.0007448057876899838
bloom-560m/5.self_attention.dense	mse	0.0026315441355109215	0.0009609612752683461	0.0007615226204507053	0.00040319073013961315	0.00023308041272684932	0.0001951881276909262	0.0001555954513605684	6.920546002220362e-05	6.293998740147799e-05	2.0702313122455962e-05
bloom-560m/5.self_attention.query_key_value	mse	0.1807316094636917	0.07802573591470718	0.045954037457704544	0.03075593151152134	0.01662394031882286	0.012998002581298351	0.01059094537049532	0.004273548722267151	0.003828705521300435	0.0010793086839839816
bloom-560m/6.mlp.dense_4h_to_h	mse	0.007773994002491236	0.0031467117369174957	0.0029492005705833435	0.001374285900965333	0.000799014582298696	0.0016027934616431594	0.0005350540159270167	0.00024342938559129834	0.0009921664604917169	0.00046226935228332877
bloom-560m/6.mlp.dense_h_to_4h	mse	0.12227412313222885	0.052465785294771194	0.03131965175271034	0.02097439579665661	0.011775732040405273	0.009411565028131008	0.0076820133253932	0.003265426494181156	0.002932197879999876	0.0008911892073228955
bloom-560m/6.self_attention.dense	mse	0.0028069340623915195	0.0013651399640366435	0.0008501429692842066	0.0005860343808308244	0.0003384040901437402	0.00027376296930015087	0.00022474980505649	9.766712901182473e-05	8.806870027910918e-05	2.7377085643820465e-05
bloom-560m/6.self_attention.query_key_value	mse	0.28085488080978394	0.11133194714784622	0.07054320722818375	0.04411773011088371	0.02611038088798523	0.020359357818961143	0.016056010499596596	0.005835303571075201	0.005156761966645718	0.001398649183101952
bloom-560m/7.mlp.dense_4h_to_h	mse	0.007092013955116272	0.0025760987773537636	0.0021813209168612957	0.001107099000364542	0.0006333661149255931	0.0009022342273965478	0.00041493980097584426	0.00017046784341800958	0.0004767909995280206	0.00025767332408577204
bloom-560m/7.mlp.dense_h_to_4h	mse	0.07205165177583694	0.031170327216386795	0.019275184720754623	0.012302523478865623	0.006765658967196941	0.005685622803866863	0.004388174973428249	0.0018268537241965532	0.0016733286902308464	0.0004898085026070476
bloom-560m/7.self_attention.dense	mse	0.0026540199760347605	0.001095527084544301	0.0007320200093090534	0.0004447441315278411	0.0002563284942880273	0.00022497886675409973	0.00017051538452506065	7.501320214942098e-05	6.815836241003126e-05	2.1516127162612975e-05
bloom-560m/7.self_attention.query_key_value	mse	0.2901557385921478	0.11609915643930435	0.07312420755624771	0.04875371977686882	0.02756703458726406	0.02208537422120571	0.017756948247551918	0.006790051236748695	0.0058260406367480755	0.001184849883429706
bloom-560m/8.mlp.dense_4h_to_h	mse	0.006760642863810062	0.0021074789110571146	0.0018715648911893368	0.0008924035355448723	0.0005021759425289929	0.0005722856731154025	0.0003222912782803178	0.00012554400018416345	0.00016363637405447662	4.442580393515527e-05
bloom-560m/8.mlp.dense_h_to_4h	mse	0.052239883691072464	0.022868333384394646	0.01400202326476574	0.009090349078178406	0.004983426537364721	0.00417597871273756	0.0032169839832931757	0.0013206206494942307	0.0012236216571182013	0.0003459360159467906
bloom-560m/8.self_attention.dense	mse	0.00241914507932961	0.0011790323769673705	0.0007408990059047937	0.0005189789226278663	0.00030637148302048445	0.00024923135060817003	0.0002068989269901067	9.300733654526994e-05	8.393674215767533e-05	2.7090085495729e-05
bloom-560m/8.self_attention.query_key_value	mse	0.5346571803092957	0.24937216937541962	0.1606168895959854	0.11406999826431274	0.07011400908231735	0.058624643832445145	0.048926372081041336	0.016673460602760315	0.01476373802870512	0.0018003061413764954
bloom-560m/9.mlp.dense_4h_to_h	mse	0.006458680145442486	0.0018431484932079911	0.0018056798726320267	0.0007787070935592055	0.00043722527334466577	0.000541504065040499	0.0002771148574538529	0.00010539889626670629	0.0001487213303335011	3.730022217496298e-05
bloom-560m/9.mlp.dense_h_to_4h	mse	0.04227122664451599	0.01716773584485054	0.012050682678818703	0.006837549619376659	0.003886879188939929	0.003945040050894022	0.0025366393383592367	0.001098389970138669	0.0012805566657334566	0.00026819537742994726
bloom-560m/9.self_attention.dense	mse	0.002559702843427658	0.0012305483687669039	0.0007796211866661906	0.0005379904760047793	0.00031553360167890787	0.00025673393975012004	0.00021148848463781178	9.311308531323448e-05	8.407846326008439e-05	2.6642546799848787e-05
bloom-560m/9.self_attention.query_key_value	mse	0.6412001848220825	0.3490363657474518	0.25088900327682495	0.18838481605052948	0.12671047449111938	0.11118251830339432	0.09339714050292969	0.03318578377366066	0.02752537839114666	0.002430298365652561
opt-125m/0.fc1	mse	0.004699374083429575	0.001535665593110025	0.0008940077386796474	0.0005712658748961985	0.0003191887226421386	0.0002722800709307194	0.00020953151397407055	8.898004307411611e-05	8.494281064486131e-05	2.535629209887702e-05
opt-125m/0.fc2	mse	0.011474612168967724	0.00017353566363453865	0.010809067636728287	7.62699346523732e-05	5.307644823915325e-05	0.007258996367454529	0.00010591776663204655	3.398627450224012e-05	0.0022321129217743874	0.00018839801487047225
opt-125m/0.self_attn.k_proj	mse	0.6955170631408691	0.4273325502872467	0.293854683637619	0.2108021378517151	0.11241968721151352	0.08603084087371826	0.0659642294049263	0.019626887515187263	0.016696328297257423	0.002934988820925355
opt-125m/0.self_attn.out_proj	mse	0.00033048700424842536	3.2067637221189216e-05	6.786802259739488e-05	1.2848952792410273e-05	7.756580998830032e-06	1.0668581126083154e-05	5.287759904604172e-06	2.470034132784349e-06	2.7899529868591344e-06	7.803691914887168e-07
opt-125m/0.self_attn.q_proj	mse	0.4582621157169342	0.25403526425361633	0.16823141276836395	0.12087873369455338	0.07038460671901703	0.05697953701019287	0.045176148414611816	0.015601970255374908	0.014016791246831417	0.002489737467840314
opt-125m/0.self_attn.v_proj	mse	0.004063273314386606	0.0020801995415240526	0.0015291012823581696	0.0010662148706614971	0.0006494208355434239	0.0005511704366654158	0.0004430400440469384	0.0001661994174355641	0.0001460517814848572	3.419824133743532e-05
opt-125m/1.fc1	mse	0.009225928224623203	0.0039876713417470455	0.0024284333921968937	0.001644501811824739	0.0009443401359021664	0.0007482669316232204	0.0006334215868264437	0.0002715376322157681	0.0002405322011327371	7.354438275797293e-05
opt-125m/1.fc2	mse	0.0016711015487089753	0.00010016522719524801	0.0012660581851378083	5.4128187912283465e-05	3.277872747275978e-05	0.0005394312902353704	2.1546982679865323e-05	1.0492539331607986e-05	9.796104131964967e-05	1.1894958333868999e-05
opt-125m/1.self_attn.k_proj	mse	0.6530139446258545	0.3638248145580292	0.24141381680965424	0.16807202994823456	0.08481695502996445	0.06706037372350693	0.04930448159575462	0.016454199329018593	0.013387396931648254	0.0023309665266424417
opt-125m/1.self_attn.out_proj	mse	0.00010380446474300697	2.295004560437519e-05	3.4900676837423816e-05	9.422328730579466e-06	5.705097919417312e-06	9.992771992983762e-06	3.803880417763139e-06	1.833565534070658e-06	3.624250211942126e-06	1.1247689144511241e-06
opt-125m/1.self_attn.q_proj	mse	0.358466237783432	0.16864240169525146	0.12956254184246063	0.07527855783700943	0.040283337235450745	0.03596801683306694	0.025209059938788414	0.010004734620451927	0.008023637346923351	0.0014464951818808913
opt-125m/1.self_attn.v_proj	mse	0.005763170775026083	0.0021736205089837313	0.0018949642544612288	0.0010369096416980028	0.0006161343189887702	0.0005127316107973456	0.00040539269684813917	0.00014542334247380495	0.00012778039672411978	3.12724441755563e-05
opt-125m/10.fc1	mse	0.040957652032375336	0.014476601965725422	0.008004043251276016	0.005294546019285917	0.0029380221385508776	0.002335835015401244	0.0019115880131721497	0.0008062138222157955	0.0007219093386083841	0.00021526064665522426
opt-125m/10.fc2	mse	0.00309163355268538	0.001670932862907648	0.001100663561373949	0.0008033863268792629	0.0005019145901314914	0.00041391063132323325	0.00035447929985821247	0.00017752246640156955	0.00016123364912346005	6.116394069977105e-05
opt-125m/10.self_attn.k_proj	mse	1.0176445245742798	0.6850089430809021	0.5480932593345642	0.4630719721317291	0.3515705168247223	0.3035675585269928	0.26519060134887695	0.11295237392187119	0.09769526869058609	0.014598422683775425
opt-125m/10.self_attn.out_proj	mse	0.0011903975391760468	0.0005904810968786478	0.0003693766484502703	0.00025584979448467493	0.0001488907146267593	0.00012009382044197991	9.953729022527114e-05	4.3301279220031574e-05	3.888496939907782e-05	1.1938492207264062e-05
opt-125m/10.self_attn.q_proj	mse	0.6373094916343689	0.3670075833797455	0.26930031180381775	0.21131949126720428	0.15317973494529724	0.13162170350551605	0.11664402484893799	0.05554220452904701	0.04808345437049866	0.008486227132380009
opt-125m/10.self_attn.v_proj	mse	0.04470529779791832	0.019644716754555702	0.014311020262539387	0.008502897806465626	0.004916554782539606	0.004486201796680689	0.0032463306561112404	0.0014105845475569367	0.0013890848495066166	0.00041667078039608896
opt-125m/11.fc1	mse	0.07427849620580673	0.025081897154450417	0.012270697392523289	0.007819795981049538	0.004172150511294603	0.0032636169344186783	0.0027368366718292236	0.0012289771111682057	0.0010997449280694127	0.0003612982400227338
opt-125m/11.fc2	mse	0.070235475897789	0.0025130959693342447	0.021619321778416634	0.0011785352835431695	0.0007043378427624702	0.0019286909373477101	0.0005090191843919456	0.0002763728844001889	0.00028989685233682394	0.00011832988093374297
opt-125m/11.self_attn.k_proj	mse	0.4861307442188263	0.2771836519241333	0.20008467137813568	0.1576807051897049	0.11039576679468155	0.09356123208999634	0.08002406358718872	0.03443732485175133	0.030575672164559364	0.006353082600980997
opt-125m/11.self_attn.out_proj	mse	0.0034687307197600603	0.0012386093148961663	0.0010544090764597058	0.0005319924093782902	0.00031552487052977085	0.00029748459928669035	0.00021108258806634694	9.066318307304755e-05	8.449669257970527e-05	2.4248527552117594e-05
opt-125m/11.self_attn.q_proj	mse	0.32742491364479065	0.15302330255508423	0.09786039590835571	0.07088301330804825	0.045168910175561905	0.038050394505262375	0.03244927525520325	0.015098522417247295	0.013814651407301426	0.0035855851601809263
opt-125m/11.self_attn.v_proj	mse	0.05232414975762367	0.025387192144989967	0.016993990167975426	0.011114031076431274	0.006454310845583677	0.005516780074685812	0.004318333230912685	0.0018977686995640397	0.0017876126803457737	0.0005487893358804286
opt-125m/2.fc1	mse	0.013804097659885883	0.006403973326086998	0.002769242040812969	0.0019073846051469445	0.0010309236822649837	0.0008205308113247156	0.0006845400203019381	0.00028636399656534195	0.00025796834961511195	7.932211156003177e-05
opt-125m/2.fc2	mse	0.011190473102033138	9.692773892311379e-05	0.009287604130804539	5.4471234761876985e-05	3.1579598726239055e-05	0.004455758258700371	2.4004164515645243e-05	1.2111511750845239e-05	0.0007647903985343874	5.27763222635258e-05
opt-125m/2.self_attn.k_proj	mse	1.1315547227859497	0.557556688785553	0.5078817009925842	0.2964547574520111	0.16635854542255402	0.14577703177928925	0.09936994314193726	0.02642093598842621	0.023006802424788475	0.0030476509127765894
opt-125m/2.self_attn.out_proj	mse	6.120404577814043e-05	2.8603475584532134e-05	1.847894054662902e-05	1.2435683856892865e-05	7.394120530079817e-06	6.4491891862417106e-06	5.0518697207735386e-06	2.3487593807658413e-06	2.4021715034905355e-06	8.087575338322495e-07
opt-125m/2.self_attn.q_proj	mse	1.0247631072998047	0.40461719036102295	0.5358218550682068	0.20217974483966827	0.11540266871452332	0.19912166893482208	0.0729132741689682	0.02060132473707199	0.028598537668585777	0.0023058997467160225
opt-125m/2.self_attn.v_proj	mse	0.01829719729721546	0.0038112241309136152	0.00287358439527452	0.0015548247611150146	0.0008635160629637539	0.0007290455978363752	0.000557467807084322	0.0002306657115695998	0.0002146193291991949	6.270159065024927e-05
opt-125m/3.fc1	mse	0.009469912387430668	0.0038145894650369883	0.0020522279664874077	0.001451126649044454	0.000789328187238425	0.0006414694944396615	0.0005200764280743897	0.00022506731329485774	0.00020172045333310962	6.043443863745779e-05
opt-125m/3.fc2	mse	0.0007704842719249427	8.21394132799469e-05	0.0006132512935437262	4.2166397179244086e-05	2.942764876934234e-05	0.00033734962926246226	2.0420528016984463e-05	9.963369848264847e-06	8.862713002599776e-05	1.4815795111644547e-05
opt-125m/3.self_attn.k_proj	mse	2.041638135910034	1.0584830045700073	1.336255431175232	0.7922840118408203	0.6419113278388977	0.7828013300895691	0.4935171604156494	0.18409954011440277	0.2036174088716507	0.003596483962610364
opt-125m/3.self_attn.out_proj	mse	6.925332127138972e-05	3.432040102779865e-05	2.1757934518973343e-05	1.5001748579379637e-05	8.737318239582237e-06	7.376988378382521e-06	5.915505880693672e-06	2.5921610813384177e-06	2.5689912490634015e-06	8.358735499314207e-07
opt-125m/3.self_attn.q_proj	mse	1.8198822736740112	0.9481424689292908	1.1575790643692017	0.6939346194267273	0.5377296209335327	0.6314553618431091	0.393490195274353	0.14014418423175812	0.1549483686685562	0.0029718242585659027
opt-125m/3.self_attn.v_proj	mse	0.02453705668449402	0.005241855978965759	0.006960590835660696	0.0020939221139997244	0.001166948233731091	0.0012932942481711507	0.0007636736263521016	0.0003275689377915114	0.0003274246118962765	9.423435403732583e-05
opt-125m/4.fc1	mse	0.019830254837870598	0.007085541263222694	0.0033901638817042112	0.0022789801005274057	0.0012023490853607655	0.0009420512360520661	0.0007971979212015867	0.00032424842356704175	0.0002890402392949909	8.677034202264622e-05
opt-125m/4.fc2	mse	0.0009599071927368641	0.00017022019892465323	0.000703166238963604	8.463358244625852e-05	5.2000832511112094e-05	0.0004395552969072014	3.659474532469176e-05	1.7896985809784383e-05	0.0001547840074636042	2.2585556507692672e-05
opt-125m/4.self_attn.k_proj	mse	2.353416681289673	1.8144893646240234	1.6145892143249512	1.434127688407898	1.185374140739441	1.0856252908706665	0.9605366587638855	0.5014715790748596	0.44463443756103516	0.011799558997154236
opt-125m/4.self_attn.out_proj	mse	9.904062608256936e-05	4.986498970538378e-05	3.067021316383034e-05	2.1236954125924967e-05	1.2334984603512567e-05	1.0004409887187649e-05	8.18267471913714e-06	3.545167601259891e-06	3.252795067965053e-06	9.972740144803538e-07
opt-125m/4.self_attn.q_proj	mse	1.6988826990127563	1.1785550117492676	1.0042328834533691	0.8700399398803711	0.712437093257904	0.6606858372688293	0.5993696451187134	0.36361101269721985	0.33356142044067383	0.007945321500301361
opt-125m/4.self_attn.v_proj	mse	0.04437291622161865	0.007057925220578909	0.007699370384216309	0.00284910318441689	0.0015939702279865742	0.0018079266883432865	0.0010657651582732797	0.00044806752703152597	0.0004358025034889579	0.0001234700612258166
opt-125m/5.fc1	mse	0.01275355089455843	0.005475234240293503	0.0028373331297188997	0.0018855053931474686	0.0010442781494930387	0.0008263399358838797	0.000685861159581691	0.00029205603641457856	0.00025551769067533314	7.6924407039769e-05
opt-125m/5.fc2	mse	0.0005153703386895359	0.0002587065100669861	0.00018968917720485479	0.00013409715029411018	8.229960076278076e-05	7.231988274725154e-05	5.767145557911135e-05	2.9574703148682602e-05	2.863335976144299e-05	1.0920873137365561e-05
opt-125m/5.self_attn.k_proj	mse	2.2790658473968506	1.7226309776306152	1.540079116821289	1.3373934030532837	1.0830649137496948	0.9989684224128723	0.8661964535713196	0.52541583776474	0.47177207469940186	0.027742357924580574
opt-125m/5.self_attn.out_proj	mse	0.00016971451987046748	8.471182081848383e-05	5.3076091717230156e-05	3.694062979775481e-05	2.1350453607738018e-05	1.7143764125648886e-05	1.4208309039531741e-05	6.158049018267775e-06	5.4975739658402745e-06	1.7022474594341475e-06
opt-125m/5.self_attn.q_proj	mse	1.7214536666870117	1.1530131101608276	0.980219304561615	0.8402829170227051	0.6849703788757324	0.634462296962738	0.5783781409263611	0.403545618057251	0.37767887115478516	0.018215930089354515
opt-125m/5.self_attn.v_proj	mse	0.036615822464227676	0.0062319026328623295	0.007317771669477224	0.0026103730779141188	0.0014877771027386189	0.001650862512178719	0.0009724095580168068	0.0004185027501080185	0.0004097376950085163	0.0001151134492829442
opt-125m/6.fc1	mse	0.013336981646716595	0.005898043513298035	0.0030236172024160624	0.0020309549290686846	0.0010913099395111203	0.0008708960376679897	0.0006956601864658296	0.0002939967380370945	0.00026576724485494196	8.005639392649755e-05
opt-125m/6.fc2	mse	0.0006465649348683655	0.00034119581687264144	0.00024045944155659527	0.00017109436157625169	0.00010849016689462587	9.360958210891113e-05	7.702850416535512e-05	4.1220817365683615e-05	3.752405245904811e-05	1.4046529940969776e-05
opt-125m/6.self_attn.k_proj	mse	2.1750636100769043	1.5830620527267456	1.4626156091690063	1.2249590158462524	1.037284016609192	0.942147433757782	0.8501376509666443	0.5133466720581055	0.4468940198421478	0.02334941178560257
opt-125m/6.self_attn.out_proj	mse	0.00023372350551653653	0.00011690970131894574	7.222460408229381e-05	5.05206553498283e-05	2.9281849492690526e-05	2.3483740733354352e-05	1.9476197849144228e-05	8.426998647337314e-06	7.5859911703446414e-06	2.338750846320181e-06
opt-125m/6.self_attn.q_proj	mse	1.4130905866622925	0.9617676734924316	0.8024868965148926	0.6841458678245544	0.5530236959457397	0.5082623362541199	0.46844610571861267	0.3281855285167694	0.31117621064186096	0.016614684835076332
opt-125m/6.self_attn.v_proj	mse	0.041046541184186935	0.008365889079868793	0.009501916356384754	0.003555239411070943	0.0020461997482925653	0.002233334118500352	0.0013475925661623478	0.0005892235203646123	0.0005721764755435288	0.00016045593656599522
opt-125m/7.fc1	mse	0.015307318419218063	0.006170179694890976	0.0035136116202920675	0.0023394988384097815	0.0013271989300847054	0.0010944956447929144	0.0008817196357995272	0.0003853227535728365	0.00034641384263522923	0.00010428501991555095
opt-125m/7.fc2	mse	0.0008015252533368766	0.00042624937486834824	0.0002903497370425612	0.00020907951693516225	0.0001310707739321515	0.000111141060187947	9.734451305121183e-05	4.7614896175218746e-05	4.427631574799307e-05	1.6891848645173013e-05
opt-125m/7.self_attn.k_proj	mse	1.619022250175476	0.9895479679107666	0.9715248942375183	0.7300795912742615	0.5801121592521667	0.5259372591972351	0.4356701374053955	0.15089116990566254	0.1302223801612854	0.011944509111344814
opt-125m/7.self_attn.out_proj	mse	0.0003442771267145872	0.000178673435584642	0.00011339102638885379	7.968478894326836e-05	4.5997108827577904e-05	3.680098234326579e-05	3.038053364434745e-05	1.2850206985604018e-05	1.155690824816702e-05	3.4624893032741966e-06
opt-125m/7.self_attn.q_proj	mse	0.9892165660858154	0.5993564128875732	0.46769022941589355	0.3776951730251312	0.27244195342063904	0.23693938553333282	0.19757486879825592	0.07687608152627945	0.06539887934923172	0.0074737705290317535
opt-125m/7.self_attn.v_proj	mse	0.03028552234172821	0.01158036757260561	0.009439210407435894	0.005332274828106165	0.003254006849601865	0.003060973482206464	0.0022326293401420116	0.0009732001344673336	0.0009276040946133435	0.0002295205631526187
opt-125m/8.fc1	mse	0.02030140906572342	0.008209490217268467	0.0047780596651136875	0.0032273000106215477	0.0018472704105079174	0.0014932922786101699	0.0012220322387292981	0.000519585853908211	0.000470512401079759	0.0001392918056808412
opt-125m/8.fc2	mse	0.0012869230704382062	0.0006857106927782297	0.0004622314590960741	0.0003431622462812811	0.00021576938161160797	0.00017739673785399646	0.0001534826005809009	7.721992005826905e-05	7.141425157897174e-05	2.740893432928715e-05
opt-125m/8.self_attn.k_proj	mse	1.4390751123428345	0.9153940081596375	0.8243080973625183	0.6667447090148926	0.49853256344795227	0.4295947551727295	0.351764053106308	0.1237197145819664	0.10787544399499893	0.014604884199798107
opt-125m/8.self_attn.out_proj	mse	0.0005987970507703722	0.00029698878643102944	0.00018395711958874017	0.00012683802924584597	7.341457239817828e-05	5.91527386859525e-05	4.867611642112024e-05	2.1026682588853873e-05	1.9110015273327008e-05	5.7711690715223085e-06
opt-125m/8.self_attn.q_proj	mse	0.891038179397583	0.49833035469055176	0.377849817276001	0.288384348154068	0.202395498752594	0.16958363354206085	0.14452190697193146	0.05832340940833092	0.050045955926179886	0.008120100013911724
opt-125m/8.self_attn.v_proj	mse	0.035076580941677094	0.013974322937428951	0.011058825068175793	0.0059439800679683685	0.0034442816395312548	0.0033133390825241804	0.002296298509463668	0.0010093679884448647	0.0009881708538159728	0.00029336896841414273
opt-125m/9.fc1	mse	0.02732194773852825	0.010711736045777798	0.006158422213047743	0.00414244644343853	0.0023330417461693287	0.0018668826669454575	0.0015269858995452523	0.0006482374737970531	0.0005832517053931952	0.0001759065198712051
opt-125m/9.fc2	mse	0.0019747663754969835	0.0010512826265767217	0.0006916523561812937	0.0004992997855879366	0.000307783717289567	0.00025250131147913635	0.0002137992560165003	0.00010284376185154542	9.384779696119949e-05	3.4535329177742824e-05
opt-125m/9.self_attn.k_proj	mse	1.0710363388061523	0.6761885285377502	0.5329956412315369	0.4390430450439453	0.31782767176628113	0.268941730260849	0.2318638116121292	0.09252599626779556	0.0798192247748375	0.013613078743219376
opt-125m/9.self_attn.out_proj	mse	0.001023052609525621	0.0005071379709988832	0.00031429596128873527	0.00021742920216638595	0.00012564928329084069	0.00010128103895112872	8.339735359186307e-05	3.592737266444601e-05	3.239488432882354e-05	9.81359335128218e-06
opt-125m/9.self_attn.q_proj	mse	0.5871334671974182	0.3113603889942169	0.21879033744335175	0.16535602509975433	0.11367277055978775	0.09661231189966202	0.08424551039934158	0.03821253031492233	0.03343513607978821	0.006587289273738861
opt-125m/9.self_attn.v_proj	mse	0.039502229541540146	0.01613481156527996	0.012319413013756275	0.006895469967275858	0.0039533344097435474	0.003667273325845599	0.0026140555273741484	0.0011283163912594318	0.0011236347490921617	0.0003333451459184289
opt-350m/0.fc1	mse	0.3554098606109619	0.10781697928905487	0.04823143407702446	0.024614393711090088	0.010198064148426056	0.00715319998562336	0.005458836443722248	0.0017843965906649828	0.001583954319357872	0.0004176782676950097
opt-350m/0.fc2	mse	0.005461070686578751	0.0025967287365347147	0.0015602068742737174	0.001016228343360126	0.0005414420156739652	0.00043180008651688695	0.0003425985632929951	0.00013620388926938176	0.00012178082397440448	3.5097982618026435e-05
opt-350m/0.self_attn.k_proj	mse	0.01608707197010517	0.010166564956307411	0.0061619579792022705	0.0023636810947209597	0.000142240576678887	0.00016930021229200065	5.62195637030527e-05	1.1323379112582188e-05	7.642114724148996e-06	1.6647998108965112e-06
opt-350m/0.self_attn.out_proj	mse	2.6322943540435517e-06	2.987551397382049e-07	7.402996970995446e-08	3.1561491198317526e-08	1.3238368623547103e-08	1.0376618675422833e-08	8.081619817801311e-09	3.3998017734404584e-09	2.9943296731005375e-09	8.977197873960563e-10
opt-350m/0.self_attn.q_proj	mse	0.04432052746415138	0.016709813848137856	0.005856068339198828	0.0020095317158848047	0.0001839203468989581	0.00011746873497031629	8.299037290271372e-05	1.0271316568832844e-05	6.68455913910293e-06	1.5286162806660286e-06
opt-350m/0.self_attn.v_proj	mse	0.00013930528075434268	5.533317744266242e-05	2.7860773116117343e-05	1.598019116499927e-05	7.079251190589275e-06	5.318557668942958e-06	4.035633537569083e-06	1.4270829069573665e-06	1.2678374332608655e-06	3.3260042187066574e-07
opt-350m/1.fc1	mse	0.23193591833114624	0.0757652223110199	0.03740619122982025	0.021477142348885536	0.010574696585536003	0.00787452794611454	0.006263541989028454	0.00233774958178401	0.002087235916405916	0.0005808166461065412
opt-350m/1.fc2	mse	0.01616176776587963	0.007231977302581072	0.0031482959166169167	0.001665938296355307	0.000939156801905483	0.0005707301897928119	0.00047515775077044964	0.0001749116345308721	0.00015696222544647753	4.777763388119638e-05
opt-350m/1.self_attn.k_proj	mse	1.0285700559616089	0.1840766966342926	0.04711940512061119	0.020869560539722443	0.008983343839645386	0.006673892494291067	0.0052673472091555595	0.0020375221502035856	0.0018029005732387304	0.0005226400098763406
opt-350m/1.self_attn.out_proj	mse	0.002104981103911996	0.0008655005949549377	0.0004992138710804284	0.00033233160502277315	0.00018529227236285806	0.00014799516065977514	0.00012089298979844898	5.0655486120376736e-05	4.533679748419672e-05	1.3426583791442681e-05
opt-350m/1.self_attn.q_proj	mse	0.47706225514411926	0.101838119328022	0.036378368735313416	0.019678860902786255	0.009216842241585255	0.006850319914519787	0.00542601989582181	0.002037398051470518	0.0017997098620980978	0.0005032472545281053
opt-350m/1.self_attn.v_proj	mse	0.09031696617603302	0.03361847996711731	0.01751268282532692	0.010544107295572758	0.00521607231348753	0.003967610653489828	0.00315093738026917	0.0011850452283397317	0.001034993096254766	0.00028843473410233855
opt-350m/10.fc1	mse	0.21563228964805603	0.09316237270832062	0.055714499205350876	0.03618428856134415	0.01960309036076069	0.01542534027248621	0.01241888478398323	0.004971914924681187	0.00443049892783165	0.0012760746758431196
opt-350m/10.fc2	mse	0.025377456098794937	0.012109162285923958	0.006987246684730053	0.004179713781923056	0.00231534568592906	0.0017949348548427224	0.0014680740423500538	0.00060881651006639	0.0005508548347279429	0.00017016183119267225
opt-350m/10.self_attn.k_proj	mse	0.4641224145889282	0.1512303352355957	0.07991756498813629	0.050032228231430054	0.026435241103172302	0.020492898300290108	0.016438256949186325	0.006493847817182541	0.005784985143691301	0.0016423314809799194
opt-350m/10.self_attn.out_proj	mse	0.0105771254748106	0.004941130988299847	0.003015934955328703	0.001981076318770647	0.001087862765416503	0.0008650971576571465	0.0007055671885609627	0.0002861476968973875	0.0002572729717940092	7.492373697459698e-05
opt-350m/10.self_attn.q_proj	mse	0.37964174151420593	0.1414497047662735	0.07895544171333313	0.05072501674294472	0.02702968940138817	0.021129069849848747	0.016966819763183594	0.00672191521152854	0.0059673781506717205	0.0016751758521422744
opt-350m/10.self_attn.v_proj	mse	0.14376041293144226	0.06168711185455322	0.04046085104346275	0.0245438851416111	0.01334252581000328	0.010988212190568447	0.008491558954119682	0.003421421628445387	0.0030602910555899143	0.0008749191765673459
opt-350m/11.fc1	mse	0.22121888399124146	0.09583929181098938	0.05766424536705017	0.037654995918273926	0.020416023209691048	0.01606728881597519	0.012909448705613613	0.005167502909898758	0.00460328022018075	0.0013221940025687218
opt-350m/11.fc2	mse	0.0199841670691967	0.010288028977811337	0.006441055331379175	0.00444043381139636	0.0025521530769765377	0.0020301516633480787	0.0016809040680527687	0.0006988702225498855	0.0006345874862745404	0.00019749440252780914
opt-350m/11.self_attn.k_proj	mse	0.4677868187427521	0.15006448328495026	0.07884664833545685	0.04846641421318054	0.025402743369340897	0.01972113735973835	0.015826938673853874	0.006310747005045414	0.005615364294499159	0.0016283957520499825
opt-350m/11.self_attn.out_proj	mse	0.00701161241158843	0.0033433851785957813	0.002027793088927865	0.0013809844385832548	0.0007721579167991877	0.0006123959901742637	0.0005044148419983685	0.000203851202968508	0.00018372450722381473	5.314019654178992e-05
opt-350m/11.self_attn.q_proj	mse	0.313862144947052	0.12291410565376282	0.06998512148857117	0.04565891623497009	0.02472812309861183	0.01927505061030388	0.01556962076574564	0.0062350984662771225	0.005569432862102985	0.0015960666351020336
opt-350m/11.self_attn.v_proj	mse	0.16189126670360565	0.07145097851753235	0.04723125696182251	0.02859458327293396	0.015505426563322544	0.012843918055295944	0.009866012260317802	0.003988982178270817	0.0035745231434702873	0.0010228133760392666
opt-350m/12.fc1	mse	0.2307707667350769	0.101882204413414	0.06139138340950012	0.04021884500980377	0.021894169971346855	0.017207197844982147	0.013806506991386414	0.00554447527974844	0.004944794811308384	0.0014214972034096718
opt-350m/12.fc2	mse	0.020154964178800583	0.01034301333129406	0.006491152569651604	0.0044428398832678795	0.0025654686614871025	0.002041285391896963	0.0016924543306231499	0.0007094598840922117	0.0006438767886720598	0.00020312289416324347
opt-350m/12.self_attn.k_proj	mse	0.3943021893501282	0.14175379276275635	0.0774603933095932	0.04936600849032402	0.026331501081585884	0.020497586578130722	0.01652846857905388	0.006579712498933077	0.005875867325812578	0.001701481407508254
opt-350m/12.self_attn.out_proj	mse	0.010846514254808426	0.005306468345224857	0.003244606778025627	0.0022026177030056715	0.001221714774146676	0.0009834625525400043	0.0007914099842309952	0.00032937200739979744	0.00029329306562431157	8.554552914574742e-05
opt-350m/12.self_attn.q_proj	mse	0.3697764277458191	0.1419232338666916	0.07840415090322495	0.050422605127096176	0.026967717334628105	0.02111646719276905	0.017026420682668686	0.006846770644187927	0.0061113787814974785	0.0017547175521031022
opt-350m/12.self_attn.v_proj	mse	0.1959485113620758	0.0864936113357544	0.05509936064481735	0.03417554125189781	0.018522340804338455	0.01511341892182827	0.011745152063667774	0.0047700293362140656	0.004287774674594402	0.0012346827425062656
opt-350m/13.fc1	mse	0.23501183092594147	0.10094235837459564	0.06292498111724854	0.040247540920972824	0.021924570202827454	0.01745552197098732	0.013936696574091911	0.005608739331364632	0.004987011197954416	0.0014387306291610003
opt-350m/13.fc2	mse	0.021947387605905533	0.011148553341627121	0.006983406841754913	0.004769925028085709	0.002772488398477435	0.0022080740891397	0.00181898835580796	0.0007657375535927713	0.0006907620700076222	0.0002165109181078151
opt-350m/13.self_attn.k_proj	mse	0.4200996458530426	0.14711351692676544	0.08120708167552948	0.05072648823261261	0.027251334860920906	0.02125520259141922	0.017121803015470505	0.006851568352431059	0.006142537109553814	0.001788308029063046
opt-350m/13.self_attn.out_proj	mse	0.010706281289458275	0.005350250750780106	0.0032765218056738377	0.002250239485874772	0.0012558172456920147	0.0010161652462556958	0.000820040819235146	0.0003415707324165851	0.00030587194487452507	8.987128967419267e-05
opt-350m/13.self_attn.q_proj	mse	0.31025922298431396	0.1277831345796585	0.07518956065177917	0.048920415341854095	0.026689309626817703	0.02098963037133217	0.016983501613140106	0.006840541027486324	0.006122208666056395	0.0017582825385034084
opt-350m/13.self_attn.v_proj	mse	0.19215118885040283	0.08501782268285751	0.05733244866132736	0.03408769145607948	0.01854967325925827	0.01558244414627552	0.011781301349401474	0.004802181385457516	0.00438049016520381	0.0012531890533864498
opt-350m/14.fc1	mse	0.2335536777973175	0.09759286791086197	0.0622345507144928	0.038959503173828125	0.021307537332177162	0.017196666449308395	0.013642916455864906	0.0055276090279221535	0.004936852492392063	0.001426697475835681
opt-350m/14.fc2	mse	0.020393598824739456	0.010439152829349041	0.006487283855676651	0.004469199106097221	0.0025851749815046787	0.002046039327979088	0.0016933566657826304	0.0007061002543196082	0.0006357226520776749	0.00019610475283116102
opt-350m/14.self_attn.k_proj	mse	0.3599439859390259	0.1372935175895691	0.07988710701465607	0.050346534699201584	0.02741553634405136	0.02154909074306488	0.017332881689071655	0.0069683995097875595	0.006218701601028442	0.0018090917728841305
opt-350m/14.self_attn.out_proj	mse	0.006389761809259653	0.0031071114353835583	0.0018801012774929404	0.001288238912820816	0.0007062361692078412	0.0005661355680786073	0.0004571927129290998	0.0001864519581431523	0.00016568972205277532	4.8462334234500304e-05
opt-350m/14.self_attn.q_proj	mse	0.3116986155509949	0.13259205222129822	0.07852794229984283	0.051213592290878296	0.027950875461101532	0.02199656516313553	0.017819594591856003	0.00716701615601778	0.006379792466759682	0.0018378052627667785
opt-350m/14.self_attn.v_proj	mse	0.21353130042552948	0.09287535399198532	0.06602028757333755	0.0365387424826622	0.01981128752231598	0.017196202650666237	0.012538155540823936	0.0050933267921209335	0.004725615028291941	0.001336483983322978
opt-350m/15.fc1	mse	0.22956955432891846	0.09592392295598984	0.060844577848911285	0.03829944133758545	0.021030990406870842	0.016825519502162933	0.01342841051518917	0.005436159670352936	0.00485391728579998	0.0014034269843250513
opt-350m/15.fc2	mse	0.020365141332149506	0.010356590151786804	0.006551663391292095	0.004500413313508034	0.0026352545246481895	0.0021123280748724937	0.0017464675474911928	0.000744223827496171	0.0006718638469465077	0.00021088565699756145
opt-350m/15.self_attn.k_proj	mse	0.36401456594467163	0.1409347951412201	0.08074638247489929	0.05116942524909973	0.027873268350958824	0.021808242425322533	0.01760357804596424	0.007010163739323616	0.00627437699586153	0.001809411682188511
opt-350m/15.self_attn.out_proj	mse	0.006768063176423311	0.003256704658269882	0.0019593380857259035	0.0013327935012057424	0.0007295854156836867	0.0005730231059715152	0.0004689064808189869	0.00018922578601632267	0.00016973615856841207	4.950396396452561e-05
opt-350m/15.self_attn.q_proj	mse	0.31832653284072876	0.1343124657869339	0.08051833510398865	0.05159388482570648	0.028406936675310135	0.022269487380981445	0.018016347661614418	0.0072003016248345375	0.006383313797414303	0.0018282821401953697
opt-350m/15.self_attn.v_proj	mse	0.1983606070280075	0.08559370040893555	0.06286928802728653	0.0341343954205513	0.018475933000445366	0.0164225734770298	0.011737008579075336	0.004795287270098925	0.004457537550479174	0.0012579606845974922
opt-350m/16.fc1	mse	0.2265986204147339	0.09289015829563141	0.0592116117477417	0.037133652716875076	0.02033807523548603	0.01633923314511776	0.013003474101424217	0.005290194880217314	0.004717949777841568	0.001368651632219553
opt-350m/16.fc2	mse	0.019656268879771233	0.010114246979355812	0.006361068692058325	0.0044098771177232265	0.0025901361368596554	0.0020662343595176935	0.0017176360124722123	0.0007366136414930224	0.0006577410968020558	0.00020000366203021258
opt-350m/16.self_attn.k_proj	mse	0.34960755705833435	0.13934822380542755	0.08007699251174927	0.05174162983894348	0.028071744367480278	0.02190016396343708	0.017758499830961227	0.007032302208244801	0.006254815962165594	0.001792746246792376
opt-350m/16.self_attn.out_proj	mse	0.008287521079182625	0.003997289575636387	0.002444653073325753	0.0016503152437508106	0.0009213073062710464	0.0007409276440739632	0.0005975967505946755	0.0002507819444872439	0.00022400998568627983	6.57419441267848e-05
opt-350m/16.self_attn.q_proj	mse	0.3238125145435333	0.1377943456172943	0.08254201710224152	0.053385086357593536	0.029222523793578148	0.02294890210032463	0.018580514937639236	0.007370117120444775	0.006562451366335154	0.0018649252597242594
opt-350m/16.self_attn.v_proj	mse	0.21479228138923645	0.09194403886795044	0.06745407730340958	0.03651387616991997	0.01993929222226143	0.017428696155548096	0.01272184681147337	0.005213545169681311	0.004776087589561939	0.0013547400012612343
opt-350m/17.fc1	mse	0.21801654994487762	0.08889470994472504	0.05667457357048988	0.035497020930051804	0.01946386881172657	0.015608647838234901	0.012451592832803726	0.0050567942671477795	0.004518822766840458	0.0013101414078846574
opt-350m/17.fc2	mse	0.017913740128278732	0.009222577325999737	0.005766080692410469	0.003993024118244648	0.002295484533533454	0.0018360576359555125	0.0015184020157903433	0.0006250127917155623	0.0005655356217175722	0.0001679739070823416
opt-350m/17.self_attn.k_proj	mse	0.34167778491973877	0.1337929368019104	0.07667499780654907	0.049565043300390244	0.02673310413956642	0.02095457725226879	0.016899406909942627	0.00668053375557065	0.005944439209997654	0.0016973183955997229
opt-350m/17.self_attn.out_proj	mse	0.006571546196937561	0.0029839701019227505	0.0017587051261216402	0.001153871649876237	0.0006221716175787151	0.000496930442750454	0.0003989898832514882	0.0001613010826986283	0.0001442268694518134	4.232130595482886e-05
opt-350m/17.self_attn.q_proj	mse	0.3083883821964264	0.1334039866924286	0.08018174767494202	0.051566824316978455	0.028282567858695984	0.02232419140636921	0.017985142767429352	0.007128181401640177	0.006349426694214344	0.001799088902771473
opt-350m/17.self_attn.v_proj	mse	0.20510753989219666	0.08672969788312912	0.06340578198432922	0.03458477556705475	0.01895991712808609	0.01642991602420807	0.012096473015844822	0.004935594275593758	0.0044884830713272095	0.0012735732598230243
opt-350m/18.fc1	mse	0.21077468991279602	0.08536040782928467	0.05346471443772316	0.03390898555517197	0.018528828397393227	0.014767401851713657	0.011834269389510155	0.004805526230484247	0.004288357682526112	0.0012472908711060882
opt-350m/18.fc2	mse	0.015853680670261383	0.008156407624483109	0.005107683129608631	0.003518500830978155	0.0020465822890400887	0.001621224102564156	0.0013349773362278938	0.0005597409908659756	0.0004984068218618631	0.00015157072630245239
opt-350m/18.self_attn.k_proj	mse	0.34288787841796875	0.13238272070884705	0.0749429240822792	0.04780767858028412	0.025926724076271057	0.020194891840219498	0.01623031497001648	0.006428344175219536	0.005730888806283474	0.0016251553315669298
opt-350m/18.self_attn.out_proj	mse	0.004743504337966442	0.002132135210558772	0.0012525614583864808	0.000827056064736098	0.0004436752060428262	0.00035268423380330205	0.0002824111143127084	0.00011401786468923092	0.00010159229714190587	2.9418415579129942e-05
opt-350m/18.self_attn.q_proj	mse	0.35090047121047974	0.15021541714668274	0.08517596125602722	0.05256156623363495	0.028340760618448257	0.0220319963991642	0.017705190926790237	0.006995439529418945	0.006217791698873043	0.0017497545341029763
opt-350m/18.self_attn.v_proj	mse	0.197960764169693	0.08375069499015808	0.05971619486808777	0.03331638127565384	0.018209578469395638	0.015467565506696701	0.01161102019250393	0.00473462138324976	0.004244477022439241	0.001214985502883792
opt-350m/19.fc1	mse	0.20607715845108032	0.0842134952545166	0.05154551565647125	0.032898031175136566	0.01791740581393242	0.014223486185073853	0.011428680270910263	0.004638275597244501	0.004132910631597042	0.0012019870337098837
opt-350m/19.fc2	mse	0.015085231512784958	0.0077591207809746265	0.004840864799916744	0.0033449705224484205	0.001947540557011962	0.0015466546174138784	0.0012785543221980333	0.0005423987749963999	0.0004850946716032922	0.00014990185445640236
opt-350m/19.self_attn.k_proj	mse	0.42606303095817566	0.15174423158168793	0.08179905265569687	0.05034956708550453	0.02687641978263855	0.020842719823122025	0.0165928415954113	0.006485402584075928	0.005771360360085964	0.0016234219074249268
opt-350m/19.self_attn.out_proj	mse	0.005172093398869038	0.002473388332873583	0.0015176740707829595	0.0010247300378978252	0.0005727370735257864	0.00045694265281781554	0.00037353174411691725	0.000151008294778876	0.00013555202167481184	3.9440234104404226e-05
opt-350m/19.self_attn.q_proj	mse	0.45603784918785095	0.19070430099964142	0.09945379197597504	0.05681905895471573	0.029056018218398094	0.022417008876800537	0.01788308471441269	0.007042280398309231	0.006256373133510351	0.0017541050910949707
opt-350m/19.self_attn.v_proj	mse	0.1659536063671112	0.0713973268866539	0.05009400099515915	0.02883528172969818	0.01581103727221489	0.013220647349953651	0.010111553594470024	0.004122104495763779	0.003665032098069787	0.0010566492564976215
opt-350m/2.fc1	mse	0.19549119472503662	0.07105391472578049	0.03804472088813782	0.023181969299912453	0.011956031434237957	0.00912175141274929	0.0072950152680277824	0.0028207669965922832	0.002521837130188942	0.000709246494807303
opt-350m/2.fc2	mse	0.007711149286478758	0.003779543563723564	0.00223566428758204	0.0015108899679034948	0.0008567821350879967	0.0006755549693480134	0.0005571311921812594	0.00023099043755792081	0.0002084690931951627	5.93608601775486e-05
opt-350m/2.self_attn.k_proj	mse	0.6644617319107056	0.1346227526664734	0.049804434180259705	0.027528563514351845	0.013231710530817509	0.009902911260724068	0.007901206612586975	0.003070501144975424	0.0027320345398038626	0.000770880258642137
opt-350m/2.self_attn.out_proj	mse	0.0019444427452981472	0.0008428923320025206	0.0004992583417333663	0.0003314355853945017	0.00018610557890497148	0.00014760179328732193	0.00012047674681525677	5.03021728945896e-05	4.477938273339532e-05	1.3239505278761499e-05
opt-350m/2.self_attn.q_proj	mse	0.3628188669681549	0.10998909175395966	0.046408746391534805	0.027375591918826103	0.013918483629822731	0.010565971955657005	0.00847451202571392	0.0032909212168306112	0.0029043955728411674	0.0008087148889899254
opt-350m/2.self_attn.v_proj	mse	0.11314372718334198	0.04136623442173004	0.024400534108281136	0.014466051012277603	0.007455216720700264	0.005876670591533184	0.004584420472383499	0.0017722301417961717	0.0015651625581085682	0.0004393080889713019
opt-350m/20.fc1	mse	0.2002367079257965	0.0828109085559845	0.05109472945332527	0.033036548644304276	0.018072396516799927	0.014340518973767757	0.011532118543982506	0.004674969241023064	0.004177064634859562	0.0012075883569195867
opt-350m/20.fc2	mse	0.015699729323387146	0.00811023823916912	0.005085805431008339	0.003527554450556636	0.002053712960332632	0.001637676265090704	0.0013595848577097058	0.0005761377396993339	0.0005211300449445844	0.00016493600560352206
opt-350m/20.self_attn.k_proj	mse	0.8646513223648071	0.2505064606666565	0.11507496237754822	0.0641864538192749	0.031915053725242615	0.02293618582189083	0.01847584918141365	0.006997774820774794	0.006213896442204714	0.0017281862674281001
opt-350m/20.self_attn.out_proj	mse	0.0059825703501701355	0.002977335825562477	0.0018370930338278413	0.0012636277824640274	0.0007167203002609313	0.0005705220391973853	0.0004695746465586126	0.0001932719605974853	0.00017411385488230735	5.1573624659795314e-05
opt-350m/20.self_attn.q_proj	mse	0.5681962966918945	0.2227296531200409	0.11419374495744705	0.06051541864871979	0.02991252765059471	0.022766828536987305	0.01830022782087326	0.0071519510820508	0.006358066573739052	0.0017712011467665434
opt-350m/20.self_attn.v_proj	mse	0.14716359972953796	0.06506533920764923	0.04413009434938431	0.026366695761680603	0.014542370103299618	0.011904818005859852	0.00932045467197895	0.0037782001309096813	0.0033602481707930565	0.0009653252782300115
opt-350m/21.fc1	mse	0.20477567613124847	0.08494478464126587	0.05149316415190697	0.033564139157533646	0.01831604540348053	0.014541424810886383	0.011717762798070908	0.0047399988397955894	0.004222942516207695	0.0012237054761499166
opt-350m/21.fc2	mse	0.017112620174884796	0.008882995694875717	0.0056038834154605865	0.003906641621142626	0.002297543454915285	0.0018323156982660294	0.0015391758643090725	0.0006611407734453678	0.0006052192766219378	0.00019974073802586645
opt-350m/21.self_attn.k_proj	mse	0.9341594576835632	0.2830776572227478	0.13213703036308289	0.07254967093467712	0.035264670848846436	0.025140035897493362	0.019956231117248535	0.007354673929512501	0.006519228219985962	0.0017692609690129757
opt-350m/21.self_attn.out_proj	mse	0.005628679879009724	0.0027054203674197197	0.001644510542973876	0.0011211520759388804	0.0006358369719237089	0.0005046442383900285	0.0004160035459790379	0.00016963924281299114	0.0001528802968095988	4.5092907384969294e-05
opt-350m/21.self_attn.q_proj	mse	0.5730909109115601	0.2064049243927002	0.10916359722614288	0.06311879307031631	0.03243609517812729	0.02451903745532036	0.01968689076602459	0.007556308060884476	0.006680360063910484	0.0018390094628557563
opt-350m/21.self_attn.v_proj	mse	0.14249122142791748	0.06463970243930817	0.04289907217025757	0.026338500902056694	0.0145246097818017	0.011787477880716324	0.009323259815573692	0.0037685586139559746	0.0033468741457909346	0.0009583777282387018
opt-350m/22.fc1	mse	0.19505777955055237	0.08020871877670288	0.048732973635196686	0.03186225891113281	0.017481185495853424	0.013871608301997185	0.011182034388184547	0.004529404919594526	0.004034191370010376	0.001168866641819477
opt-350m/22.fc2	mse	0.01986382156610489	0.010251088067889214	0.006491564214229584	0.004532540682703257	0.0026689390651881695	0.002151436870917678	0.0017749735852703452	0.0007749672513455153	0.0006985715590417385	0.00022682955022901297
opt-350m/22.self_attn.k_proj	mse	1.2619872093200684	0.4086373448371887	0.19269315898418427	0.10749448835849762	0.05217290297150612	0.03640414774417877	0.028902141377329826	0.010034308768808842	0.008871233090758324	0.0023040231317281723
opt-350m/22.self_attn.out_proj	mse	0.010255217552185059	0.005069596692919731	0.003148710122331977	0.0021793325431644917	0.0012394858058542013	0.0010040494380518794	0.000817943480797112	0.00035126422881148756	0.0003161320055369288	9.659177158027887e-05
opt-350m/22.self_attn.q_proj	mse	0.46927449107170105	0.17573218047618866	0.09991053491830826	0.06553442031145096	0.03579264506697655	0.027913061901926994	0.022646203637123108	0.008867435157299042	0.00785098597407341	0.002123673213645816
opt-350m/22.self_attn.v_proj	mse	0.14295914769172668	0.06719158589839935	0.04474557191133499	0.02763494849205017	0.015261422842741013	0.012599395588040352	0.009879305958747864	0.004056069999933243	0.0036098153796046972	0.0010485512902960181
opt-350m/23.fc1	mse	0.1916632354259491	0.07209554314613342	0.042995087802410126	0.027677055448293686	0.015154404565691948	0.012043926864862442	0.009690986946225166	0.003918459173291922	0.0034957623574882746	0.0010097372578456998
opt-350m/23.fc2	mse	0.016923438757658005	0.008551793172955513	0.005557658150792122	0.003980252891778946	0.0023775268346071243	0.0020017318893224	0.0016623842529952526	0.00082912587095052	0.000748786551412195	0.00026300144963897765
opt-350m/23.self_attn.k_proj	mse	0.4382370114326477	0.1630980670452118	0.08905555307865143	0.05657323822379112	0.03082376718521118	0.023803215473890305	0.019167162477970123	0.007570951245725155	0.006733458489179611	0.001899506663903594
opt-350m/23.self_attn.out_proj	mse	0.015997806563973427	0.007075208239257336	0.004001392982900143	0.0026831869035959244	0.0014286680379882455	0.0011360516073182225	0.0009230474242940545	0.0003876457049045712	0.0003467253118287772	0.0001019360133795999
opt-350m/23.self_attn.q_proj	mse	0.29492390155792236	0.12968437373638153	0.07824412733316422	0.05132249742746353	0.028641119599342346	0.022607143968343735	0.018253449350595474	0.0073702577501535416	0.006560103502124548	0.001861405442468822
opt-350m/23.self_attn.v_proj	mse	0.1824612021446228	0.0883851945400238	0.058055706322193146	0.03642433136701584	0.020425453782081604	0.01666518673300743	0.013264749199151993	0.005445775575935841	0.004863135516643524	0.001406618393957615
opt-350m/3.fc1	mse	0.18871094286441803	0.07115469872951508	0.03965739905834198	0.024756617844104767	0.012954858131706715	0.009981906041502953	0.008005164563655853	0.0031462525948882103	0.0028132079169154167	0.0007996023632586002
opt-350m/3.fc2	mse	0.007886230945587158	0.003893844783306122	0.0023925243876874447	0.0016404418274760246	0.0009242768865078688	0.000734178232960403	0.0006096193101257086	0.0002472117485012859	0.00022604316473007202	6.547367956954986e-05
opt-350m/3.self_attn.k_proj	mse	0.5727803111076355	0.1362266093492508	0.054995276033878326	0.031091950833797455	0.01566414162516594	0.011913768947124481	0.009504742920398712	0.0037133251316845417	0.0032959189265966415	0.0009278490906581283
opt-350m/3.self_attn.out_proj	mse	0.002028354909271002	0.0008892504265531898	0.0005221442552283406	0.0003489938098937273	0.0001947169512277469	0.0001529092260170728	0.00012483510363381356	5.024040365242399e-05	4.45915138698183e-05	1.2782100384356454e-05
opt-350m/3.self_attn.q_proj	mse	0.4197274446487427	0.13541215658187866	0.05734816566109657	0.03232606500387192	0.016731124371290207	0.012784690596163273	0.01028258167207241	0.0040363105945289135	0.003585580736398697	0.000989778432995081
opt-350m/3.self_attn.v_proj	mse	0.1282767653465271	0.047346752136945724	0.029482387006282806	0.0172224510461092	0.009073814377188683	0.007332095876336098	0.00561030488461256	0.002227615099400282	0.0019789119251072407	0.0005591802764683962
opt-350m/4.fc1	mse	0.19436423480510712	0.07309829443693161	0.0414104126393795	0.02595522254705429	0.01371459849178791	0.010614046826958656	0.008533863350749016	0.003377930261194706	0.003020359668880701	0.0008603468304499984
opt-350m/4.fc2	mse	0.0088280588388443	0.004413047805428505	0.002717883326113224	0.0018674572929739952	0.0010493950685486197	0.000835991813801229	0.0006909557268954813	0.0002739217597991228	0.00024891801876947284	7.201010885182768e-05
opt-350m/4.self_attn.k_proj	mse	0.6741211414337158	0.16698849201202393	0.06542487442493439	0.035814069211483	0.01765650510787964	0.013372797518968582	0.010719431564211845	0.004185132682323456	0.0036998861469328403	0.0010337415151298046
opt-350m/4.self_attn.out_proj	mse	0.0024731922894716263	0.0010906616225838661	0.0006468300707638264	0.0004277746193110943	0.0002393061004113406	0.0001883507356978953	0.00015371198242064565	6.365476292558014e-05	5.6331438827328384e-05	1.6439053069916554e-05
opt-350m/4.self_attn.q_proj	mse	0.4159833490848541	0.1384943127632141	0.06132566183805466	0.0351126566529274	0.0182437002658844	0.013972071930766106	0.011245055124163628	0.00440179742872715	0.003892668290063739	0.0010798575822263956
opt-350m/4.self_attn.v_proj	mse	0.12072578072547913	0.04598097503185272	0.028424527496099472	0.017183231189846992	0.00914941355586052	0.007256169803440571	0.005773819051682949	0.0022639576345682144	0.001995232654735446	0.0005674478597939014
opt-350m/5.fc1	mse	0.20488792657852173	0.07579506188631058	0.042785581201314926	0.026793347671628	0.01427521463483572	0.011079481802880764	0.00891745463013649	0.0035435897298157215	0.003168571274727583	0.0009057883871719241
opt-350m/5.fc2	mse	0.008912171237170696	0.004408477805554867	0.0027166465297341347	0.0018621727358549833	0.0010359985753893852	0.0008286709198728204	0.0006780163384974003	0.0002779513015411794	0.00025163404643535614	7.662408461328596e-05
opt-350m/5.self_attn.k_proj	mse	0.7778854370117188	0.20563314855098724	0.07186412066221237	0.03367555886507034	0.015212120488286018	0.011427512392401695	0.009132234379649162	0.003552844049409032	0.003157278522849083	0.0008938827086240053
opt-350m/5.self_attn.out_proj	mse	0.0020944979041814804	0.0009180668275803328	0.0005489588947966695	0.00036247639218345284	0.00020506489090621471	0.0001637166424188763	0.00013306440087035298	5.562147271120921e-05	4.9348873290000483e-05	1.4394307072507218e-05
opt-350m/5.self_attn.q_proj	mse	0.7041397094726562	0.22969357669353485	0.07624612748622894	0.034304626286029816	0.015544034540653229	0.01197529025375843	0.009573012590408325	0.003783648833632469	0.003354865126311779	0.0009503494366072118
opt-350m/5.self_attn.v_proj	mse	0.11397628486156464	0.04552134871482849	0.02752683125436306	0.017306508496403694	0.00926637090742588	0.007215863559395075	0.005757659208029509	0.0022471179254353046	0.0020021493546664715	0.0005689528770744801
opt-350m/6.fc1	mse	0.21627292037010193	0.08030185103416443	0.04679948464035988	0.02924589440226555	0.015615137293934822	0.012136652134358883	0.009764488786458969	0.0038613025099039078	0.003452710807323456	0.0009850262431427836
opt-350m/6.fc2	mse	0.010564498603343964	0.005228269845247269	0.0032262038439512253	0.0022047702223062515	0.0012263100361451507	0.0009792211931198835	0.0008010529563762248	0.000330404844135046	0.00029646902112290263	9.022567246574908e-05
opt-350m/6.self_attn.k_proj	mse	1.3778693675994873	0.3347320556640625	0.11139006167650223	0.04696965217590332	0.01896127313375473	0.013995056971907616	0.011262387037277222	0.004444884601980448	0.003928912803530693	0.0011039461242035031
opt-350m/6.self_attn.out_proj	mse	0.0031147028785198927	0.0014323790092021227	0.0008610008517280221	0.0005779739003628492	0.0003275667259003967	0.0002625579363666475	0.00021435880626086146	9.108593803830445e-05	8.143376180669293e-05	2.413306719972752e-05
opt-350m/6.self_attn.q_proj	mse	0.7794933319091797	0.25957152247428894	0.0918346643447876	0.040326204150915146	0.01779618300497532	0.013635830022394657	0.01090057659894228	0.004264636896550655	0.003790491260588169	0.001061418210156262
opt-350m/6.self_attn.v_proj	mse	0.09915931522846222	0.03956979885697365	0.025410009548068047	0.015461867675185204	0.008341839537024498	0.006724654696881771	0.00525948591530323	0.002097511664032936	0.001866210950538516	0.0005287150270305574
opt-350m/7.fc1	mse	0.22630588710308075	0.08656325191259384	0.0510384663939476	0.0320577397942543	0.017253566533327103	0.013484354130923748	0.010834312066435814	0.004300051834434271	0.0038365372456610203	0.0010912742000073195
opt-350m/7.fc2	mse	0.013038793578743935	0.00648977467790246	0.004014627076685429	0.0027634440921247005	0.001544138416647911	0.0012427599867805839	0.00101457629352808	0.0004315381229389459	0.0003852474910672754	0.0001212230054079555
opt-350m/7.self_attn.k_proj	mse	1.14210844039917	0.2944909930229187	0.11014988273382187	0.04947351664304733	0.021360652521252632	0.015987250953912735	0.012914035469293594	0.005085278302431107	0.004508478567004204	0.0012765961000695825
opt-350m/7.self_attn.out_proj	mse	0.004344019573181868	0.002073093084618449	0.0012625872623175383	0.0008539650589227676	0.0004895052406936884	0.0003895032568834722	0.0003187498077750206	0.0001349755475530401	0.00011968666512984782	3.560826007742435e-05
opt-350m/7.self_attn.q_proj	mse	0.6334702968597412	0.20450060069561005	0.0831361711025238	0.04277724027633667	0.020223651081323624	0.015580294653773308	0.012434471398591995	0.004810604732483625	0.004296394065022469	0.0011932351626455784
opt-350m/7.self_attn.v_proj	mse	0.10677074640989304	0.044334083795547485	0.02875472605228424	0.017708122730255127	0.009605012834072113	0.007791316602379084	0.006079215556383133	0.002426640596240759	0.0021590760443359613	0.0006148148095235229
opt-350m/8.fc1	mse	0.21756616234779358	0.08713950216770172	0.05183164030313492	0.03303340822458267	0.01775474287569523	0.01392262801527977	0.011186813935637474	0.0044466303661465645	0.003967336844652891	0.0011400552466511726
opt-350m/8.fc2	mse	0.016284383833408356	0.008218656294047832	0.0051215635612607	0.003533191978931427	0.002012374345213175	0.0016055118758231401	0.0013339498545974493	0.0005563973099924624	0.000505370378959924	0.00015802167763467878
opt-350m/8.self_attn.k_proj	mse	0.9857569932937622	0.23987391591072083	0.0996769368648529	0.05536222830414772	0.02653009630739689	0.019929304718971252	0.01605304144322872	0.006331001408398151	0.005610201973468065	0.0015711113810539246
opt-350m/8.self_attn.out_proj	mse	0.006096909288316965	0.0029285268392413855	0.0017968264874070883	0.0012220817152410746	0.0007031684508547187	0.0005580891156569123	0.0004577097133733332	0.0001934072788571939	0.00017161421419586986	5.105276432004757e-05
opt-350m/8.self_attn.q_proj	mse	0.5138155221939087	0.17307893931865692	0.0877946987748146	0.04899061471223831	0.025018785148859024	0.019408896565437317	0.0156159158796072	0.006049783434718847	0.0053888894617557526	0.0014913516351953149
opt-350m/8.self_attn.v_proj	mse	0.11031028628349304	0.047234468162059784	0.031145749613642693	0.019159473478794098	0.010464930906891823	0.008607123047113419	0.00671610701829195	0.00269178650341928	0.0024218817707151175	0.0006908057839609683
opt-350m/9.fc1	mse	0.21018405258655548	0.08785558491945267	0.05204018950462341	0.033486079424619675	0.018067926168441772	0.014229916036128998	0.011382055468857288	0.004553476348519325	0.004049207083880901	0.001162011525593698
opt-350m/9.fc2	mse	0.016207639127969742	0.008329221978783607	0.005257340148091316	0.0036401941906660795	0.0021277894265949726	0.001696020714007318	0.0014100763946771622	0.0005948831094428897	0.000538886059075594	0.0001682229049038142
opt-350m/9.self_attn.k_proj	mse	0.72547447681427	0.19126008450984955	0.09117646515369415	0.05434994399547577	0.027231767773628235	0.021007422357797623	0.01669660396873951	0.006440198048949242	0.00574268214404583	0.0015758201479911804
opt-350m/9.self_attn.out_proj	mse	0.006765472237020731	0.0032603121362626553	0.002003015950322151	0.0013576685450971127	0.0007820088649168611	0.0006192228756844997	0.0005064805736765265	0.00021373527124524117	0.00018898742564488202	5.5734919442329556e-05
opt-350m/9.self_attn.q_proj	mse	0.37831491231918335	0.1431320756673813	0.08382191509008408	0.052286647260189056	0.027613135054707527	0.021514523774385452	0.017034368589520454	0.006570448167622089	0.005826480686664581	0.0015822513960301876
opt-350m/9.self_attn.v_proj	mse	0.12344253063201904	0.052667923271656036	0.03457097336649895	0.021023178473114967	0.011429140344262123	0.009330878965556622	0.007258870638906956	0.0029028337448835373	0.0025809695944190025	0.0007343647303059697
