Data	Scaling	Damp0.001	Damp0.003	Damp0.01	Damp0.03	Damp0.1	Damp0.3	Damp1.0
bloom-560m/0.mlp.dense_4h_to_h	mse	0.010496307164430618	0.009978347457945347	0.009261690080165863	0.008718776516616344	0.0077187856659293175	0.006986433640122414	0.0061066774651408195
bloom-560m/0.mlp.dense_h_to_4h	mse	0.060322608798742294	0.06022568792104721	0.05988344922661781	0.059263668954372406	0.05858772248029709	0.058773621916770935	0.062056101858615875
bloom-560m/0.self_attention.dense	mse	0.005713795777410269	0.005616812966763973	0.005421265959739685	0.005115681327879429	0.00477935466915369	0.004380311816930771	0.004163819365203381
bloom-560m/0.self_attention.query_key_value	mse	0.09471479803323746	0.09194657951593399	0.08817258477210999	0.08423849195241928	0.08088243752717972	0.07992755621671677	0.08300407230854034
bloom-560m/1.mlp.dense_4h_to_h	mse	0.004678212106227875	0.004377299919724464	0.004069794435054064	0.0037767388857901096	0.003531628753989935	0.003528822446241975	0.0038481729570776224
bloom-560m/1.mlp.dense_h_to_4h	mse	0.08565469086170197	0.0855867937207222	0.08524370938539505	0.08461141586303711	0.08358906954526901	0.08390878140926361	0.08865867555141449
bloom-560m/1.self_attention.dense	mse	0.0017285270150750875	0.0017157262191176414	0.0016475114971399307	0.0015298579819500446	0.0013611393515020609	0.0013116411864757538	0.0013909863773733377
bloom-560m/1.self_attention.query_key_value	mse	0.11198225617408752	0.11175751686096191	0.1111893281340599	0.11014720797538757	0.10845166444778442	0.1082749292254448	0.11309432238340378
bloom-560m/10.mlp.dense_4h_to_h	mse	0.006402806378901005	0.006288337055593729	0.006182057783007622	0.006096589844673872	0.0060270740650594234	0.006049078889191151	0.006324212998151779
bloom-560m/10.mlp.dense_h_to_4h	mse	0.10652162879705429	0.10440750420093536	0.1031905934214592	0.10203332453966141	0.10120484232902527	0.10253101587295532	0.10975567996501923
bloom-560m/10.self_attention.dense	mse	0.0030751600861549377	0.0030741707887500525	0.0030725111719220877	0.00306997774168849	0.003067032666876912	0.0031020534224808216	0.0032556159421801567
bloom-560m/10.self_attention.query_key_value	mse	2.471428871154785	2.448005437850952	2.411393404006958	2.3247392177581787	2.2340104579925537	2.1274516582489014	2.0499379634857178
bloom-560m/11.mlp.dense_4h_to_h	mse	0.006332085467875004	0.006244463846087456	0.006179746240377426	0.006120012141764164	0.006085124798119068	0.0061396281234920025	0.006461177486926317
bloom-560m/11.mlp.dense_h_to_4h	mse	0.10956980288028717	0.10738997906446457	0.10633403062820435	0.10539689660072327	0.10465347021818161	0.10600664466619492	0.11290127784013748
bloom-560m/11.self_attention.dense	mse	0.0029271196108311415	0.002923864871263504	0.0029183458536863327	0.0029033052269369364	0.0029024076648056507	0.002958035096526146	0.003138708183541894
bloom-560m/11.self_attention.query_key_value	mse	0.691178023815155	0.6860880851745605	0.6787301898002625	0.6686614155769348	0.646285355091095	0.6256172060966492	0.6200944781303406
bloom-560m/12.mlp.dense_4h_to_h	mse	0.006956432946026325	0.006954655516892672	0.006924396846443415	0.006893608719110489	0.0068752579391002655	0.0069896262139081955	0.0074201105162501335
bloom-560m/12.mlp.dense_h_to_4h	mse	0.13430672883987427	0.13237419724464417	0.1312548667192459	0.13036683201789856	0.12952187657356262	0.13124796748161316	0.14001677930355072
bloom-560m/12.self_attention.dense	mse	0.0029036886990070343	0.002902827924117446	0.002901772502809763	0.002897975267842412	0.0029008439742028713	0.0029420731589198112	0.003103989874944091
bloom-560m/12.self_attention.query_key_value	mse	0.9700261950492859	0.9629219174385071	0.9373598694801331	0.9222545623779297	0.8813769817352295	0.8439996242523193	0.8321294188499451
bloom-560m/13.mlp.dense_4h_to_h	mse	0.0067742252722382545	0.006768667139112949	0.006751684006303549	0.006729329004883766	0.006721336394548416	0.006820322945713997	0.0072035035118460655
bloom-560m/13.mlp.dense_h_to_4h	mse	0.14009007811546326	0.13785521686077118	0.13643062114715576	0.13558658957481384	0.13502472639083862	0.13676749169826508	0.1457531750202179
bloom-560m/13.self_attention.dense	mse	0.0029641552828252316	0.002962658181786537	0.00295942067168653	0.0029546250589191914	0.0029562651179730892	0.0030023097060620785	0.0031764176674187183
bloom-560m/13.self_attention.query_key_value	mse	0.6271657347679138	0.6214016079902649	0.6084157824516296	0.59047532081604	0.5655905604362488	0.5488396286964417	0.5573315024375916
bloom-560m/14.mlp.dense_4h_to_h	mse	0.00709889130666852	0.0071005322970449924	0.007079005241394043	0.0070480043068528175	0.007032234221696854	0.007138710003346205	0.007548085413873196
bloom-560m/14.mlp.dense_h_to_4h	mse	0.1379539668560028	0.1368468701839447	0.13610762357711792	0.13554900884628296	0.1351197361946106	0.13707605004310608	0.1459355652332306
bloom-560m/14.self_attention.dense	mse	0.0026010489091277122	0.0025985906831920147	0.0025919838808476925	0.0025856224820017815	0.0025795786641538143	0.0026220004074275494	0.0027750120498239994
bloom-560m/14.self_attention.query_key_value	mse	0.5858539938926697	0.583079993724823	0.5733638405799866	0.5554878115653992	0.5244222283363342	0.5071194171905518	0.5167990326881409
bloom-560m/15.mlp.dense_4h_to_h	mse	0.007582895923405886	0.00757569307461381	0.007559224963188171	0.007523774169385433	0.007510879077017307	0.007619612850248814	0.008054385893046856
bloom-560m/15.mlp.dense_h_to_4h	mse	0.14122793078422546	0.1401737630367279	0.13920505344867706	0.13846895098686218	0.13795365393161774	0.1400831937789917	0.14947554469108582
bloom-560m/15.self_attention.dense	mse	0.0025990698486566544	0.0025957475882023573	0.0025897743180394173	0.0025778100825846195	0.0025767439510673285	0.002636541612446308	0.0028052176348865032
bloom-560m/15.self_attention.query_key_value	mse	0.5798936486244202	0.5777223706245422	0.5737776160240173	0.5567759871482849	0.535972535610199	0.5207142233848572	0.5291838645935059
bloom-560m/16.mlp.dense_4h_to_h	mse	0.00844157487154007	0.008426615968346596	0.008405832573771477	0.008365213871002197	0.008364859968423843	0.008517585694789886	0.009024558588862419
bloom-560m/16.mlp.dense_h_to_4h	mse	0.14038795232772827	0.13943059742450714	0.1386755406856537	0.13802696764469147	0.1375696063041687	0.13985154032707214	0.14971786737442017
bloom-560m/16.self_attention.dense	mse	0.002825670875608921	0.0028235786594450474	0.0028220252133905888	0.0028191744349896908	0.0028190521989017725	0.00286296708509326	0.0030130427330732346
bloom-560m/16.self_attention.query_key_value	mse	0.6184042692184448	0.6136839389801025	0.6062654852867126	0.588405191898346	0.5649687647819519	0.5478135943412781	0.5584458708763123
bloom-560m/17.mlp.dense_4h_to_h	mse	0.009785073809325695	0.009765373542904854	0.009731302037835121	0.009674770757555962	0.009663370437920094	0.009841755963861942	0.010457195341587067
bloom-560m/17.mlp.dense_h_to_4h	mse	0.14131991565227509	0.14084646105766296	0.14026057720184326	0.13957293331623077	0.13921251893043518	0.1419130563735962	0.15267227590084076
bloom-560m/17.self_attention.dense	mse	0.0030407097656279802	0.003034227527678013	0.0030200371984392405	0.00299272034317255	0.0029748829547315836	0.0030299611389636993	0.0032550639007240534
bloom-560m/17.self_attention.query_key_value	mse	0.5012269020080566	0.49924159049987793	0.4986923038959503	0.48406219482421875	0.46040666103363037	0.4467420279979706	0.45604029297828674
bloom-560m/18.mlp.dense_4h_to_h	mse	0.01146744191646576	0.011439738795161247	0.011385278776288033	0.011318931356072426	0.011322684586048126	0.011571519076824188	0.012343095615506172
bloom-560m/18.mlp.dense_h_to_4h	mse	0.1477949321269989	0.14732970297336578	0.14633186161518097	0.14546063542366028	0.14479802548885345	0.14748114347457886	0.15926481783390045
bloom-560m/18.self_attention.dense	mse	0.0038746062200516462	0.0038729049265384674	0.00386099424213171	0.003838764736428857	0.0038064932450652122	0.0038574293721467257	0.004095173440873623
bloom-560m/18.self_attention.query_key_value	mse	1.098868727684021	1.077675700187683	1.0194147825241089	0.9949987530708313	0.9075820446014404	0.8729502558708191	0.8749656677246094
bloom-560m/19.mlp.dense_4h_to_h	mse	0.01384362205862999	0.01379359606653452	0.013706340454518795	0.01359168067574501	0.01357776764780283	0.013886791653931141	0.01486228033900261
bloom-560m/19.mlp.dense_h_to_4h	mse	0.15266285836696625	0.15217557549476624	0.15139058232307434	0.150468647480011	0.1500946581363678	0.15322797000408173	0.16581057012081146
bloom-560m/19.self_attention.dense	mse	0.0048964861780405045	0.004897944629192352	0.004893029574304819	0.004879135638475418	0.004891980439424515	0.004973930306732655	0.005295897834002972
bloom-560m/19.self_attention.query_key_value	mse	0.6794314384460449	0.6801013946533203	0.6905441284179688	0.6722256541252136	0.627774178981781	0.6000492572784424	0.5961965918540955
bloom-560m/2.mlp.dense_4h_to_h	mse	0.004975318908691406	0.004950649105012417	0.004934927448630333	0.00486169196665287	0.004816337488591671	0.004920783918350935	0.005290399771183729
bloom-560m/2.mlp.dense_h_to_4h	mse	0.1380932629108429	0.1374261975288391	0.1356663554906845	0.13321831822395325	0.13051071763038635	0.13014793395996094	0.13729268312454224
bloom-560m/2.self_attention.dense	mse	0.001136373495683074	0.0011323970975354314	0.001108512980863452	0.0010856934823095798	0.0010624589631333947	0.001055609667673707	0.0011349663836881518
bloom-560m/2.self_attention.query_key_value	mse	0.12847168743610382	0.12788264453411102	0.12719334661960602	0.12633897364139557	0.1251925677061081	0.125852569937706	0.1324307769536972
bloom-560m/20.mlp.dense_4h_to_h	mse	0.026699423789978027	0.02628619223833084	0.025676682591438293	0.02466443181037903	0.022794876247644424	0.021446049213409424	0.02211243100464344
bloom-560m/20.mlp.dense_h_to_4h	mse	0.16832692921161652	0.166724294424057	0.16413158178329468	0.16102458536624908	0.1581532061100006	0.16010737419128418	0.1735881268978119
bloom-560m/20.self_attention.dense	mse	0.012553204782307148	0.012506501749157906	0.012414848431944847	0.01215558685362339	0.011806879192590714	0.011440075933933258	0.011724045500159264
bloom-560m/20.self_attention.query_key_value	mse	0.73296719789505	0.7337265014648438	0.7562564015388489	0.733820915222168	0.6882316470146179	0.6551313996315002	0.6457729339599609
bloom-560m/21.mlp.dense_4h_to_h	mse	0.22651411592960358	0.223189115524292	0.21410584449768066	0.19473373889923096	0.15493576228618622	0.10735674202442169	0.07035698741674423
bloom-560m/21.mlp.dense_h_to_4h	mse	0.17340469360351562	0.170340895652771	0.16638779640197754	0.162634015083313	0.16035817563533783	0.16392841935157776	0.18018409609794617
bloom-560m/21.self_attention.dense	mse	0.26410120725631714	0.2641453444957733	0.2625185549259186	0.2577894330024719	0.24967235326766968	0.23845209181308746	0.2295260727405548
bloom-560m/21.self_attention.query_key_value	mse	0.9675974249839783	0.9730669856071472	0.942922055721283	0.871782124042511	0.7887013554573059	0.7317222952842712	0.717110812664032
bloom-560m/22.mlp.dense_4h_to_h	mse	0.04780495911836624	0.04711209237575531	0.045486003160476685	0.042555071413517	0.03964783996343613	0.039712823927402496	0.0438862144947052
bloom-560m/22.mlp.dense_h_to_4h	mse	0.22042575478553772	0.2171308696269989	0.21340543031692505	0.21198418736457825	0.21279768645763397	0.22157779335975647	0.24511821568012238
bloom-560m/22.self_attention.dense	mse	0.48123031854629517	0.48021262884140015	0.47241753339767456	0.45390433073043823	0.4272056221961975	0.39505499601364136	0.36842021346092224
bloom-560m/22.self_attention.query_key_value	mse	3.384585380554199	3.3069331645965576	3.1990537643432617	3.0123894214630127	2.753098249435425	2.5371177196502686	2.402240753173828
bloom-560m/23.mlp.dense_4h_to_h	mse	0.028610194101929665	0.027788642793893814	0.02654329314827919	0.02455287054181099	0.022945955395698547	0.02244998887181282	0.02341635338962078
bloom-560m/23.mlp.dense_h_to_4h	mse	0.39476606249809265	0.3909010887145996	0.3819618225097656	0.3748875558376312	0.3713000416755676	0.37968629598617554	0.40155553817749023
bloom-560m/23.self_attention.dense	mse	0.011205052025616169	0.011132759973406792	0.010952427983283997	0.010707210749387741	0.01007141638547182	0.009599896147847176	0.009574687108397484
bloom-560m/23.self_attention.query_key_value	mse	0.17776085436344147	0.17173103988170624	0.16394741833209991	0.1575198918581009	0.1528555005788803	0.15626533329486847	0.1732211858034134
bloom-560m/3.mlp.dense_4h_to_h	mse	0.006849219091236591	0.0068628317676484585	0.006810727529227734	0.006703908555209637	0.006549365818500519	0.006567807402461767	0.00690645445138216
bloom-560m/3.mlp.dense_h_to_4h	mse	0.13987474143505096	0.13820481300354004	0.13634096086025238	0.13480515778064728	0.13375894725322723	0.135184183716774	0.1441427320241928
bloom-560m/3.self_attention.dense	mse	0.0022769870702177286	0.0022730736527591944	0.002249936107546091	0.0021697788033634424	0.0020902836695313454	0.0020503252744674683	0.002088744891807437
bloom-560m/3.self_attention.query_key_value	mse	0.13269682228565216	0.1318640559911728	0.13088801503181458	0.13005506992340088	0.12925420701503754	0.13014286756515503	0.13703805208206177
bloom-560m/4.mlp.dense_4h_to_h	mse	0.06512319296598434	0.06499886512756348	0.06320464611053467	0.06100514903664589	0.05832461640238762	0.05640349164605141	0.05462086200714111
bloom-560m/4.mlp.dense_h_to_4h	mse	0.1242075264453888	0.12180188298225403	0.12018193304538727	0.11917702853679657	0.11865432560443878	0.12024646252393723	0.12829235196113586
bloom-560m/4.self_attention.dense	mse	0.0022782625164836645	0.0022478741593658924	0.0021887272596359253	0.002102306578308344	0.0019878214225172997	0.001965475967153907	0.0020724369678646326
bloom-560m/4.self_attention.query_key_value	mse	0.1369735449552536	0.13589583337306976	0.1352074146270752	0.13414107263088226	0.13296546041965485	0.1336311548948288	0.1408870369195938
bloom-560m/5.mlp.dense_4h_to_h	mse	0.008295226842164993	0.008003023453056812	0.0076579749584198	0.007387836463749409	0.00717530120164156	0.007116448599845171	0.00748814782127738
bloom-560m/5.mlp.dense_h_to_4h	mse	0.09961113333702087	0.09879010170698166	0.09809964895248413	0.09749497473239899	0.09702776372432709	0.09820857644081116	0.10488952696323395
bloom-560m/5.self_attention.dense	mse	0.0026260234881192446	0.002605339977890253	0.0025635738857090473	0.002514362335205078	0.0024741808883845806	0.0025149378925561905	0.0026928819715976715
bloom-560m/5.self_attention.query_key_value	mse	0.1776660680770874	0.17535950243473053	0.17324495315551758	0.17112095654010773	0.16829781234264374	0.16796807944774628	0.17651237547397614
bloom-560m/6.mlp.dense_4h_to_h	mse	0.007525279186666012	0.007240472827106714	0.006976268254220486	0.006673143245279789	0.006507809739559889	0.0065933759324252605	0.007054269313812256
bloom-560m/6.mlp.dense_h_to_4h	mse	0.12140157073736191	0.12040863931179047	0.11936026811599731	0.11836740374565125	0.11742165684700012	0.11892383545637131	0.12758088111877441
bloom-560m/6.self_attention.dense	mse	0.00280501926317811	0.002800574991852045	0.0027895737439393997	0.002774511929601431	0.002778541063889861	0.002871900098398328	0.0031517797615379095
bloom-560m/6.self_attention.query_key_value	mse	0.27989980578422546	0.2781735360622406	0.27543413639068604	0.27163365483283997	0.26686105132102966	0.26431551575660706	0.2742687463760376
bloom-560m/7.mlp.dense_4h_to_h	mse	0.006292553618550301	0.006024971604347229	0.005814345087856054	0.00567739550024271	0.005582774989306927	0.005574971437454224	0.005782381631433964
bloom-560m/7.mlp.dense_h_to_4h	mse	0.06966322660446167	0.06858676671981812	0.06752845644950867	0.06687307357788086	0.06608353555202484	0.06661464273929596	0.07124031335115433
bloom-560m/7.self_attention.dense	mse	0.0026241368614137173	0.002580760046839714	0.0024901358410716057	0.0024075075052678585	0.0023561997804790735	0.0024216757155954838	0.002664216561242938
bloom-560m/7.self_attention.query_key_value	mse	0.28853029012680054	0.28677165508270264	0.282441109418869	0.2774016559123993	0.2671860456466675	0.2591680586338043	0.26507994532585144
bloom-560m/8.mlp.dense_4h_to_h	mse	0.006211781408637762	0.006007347255945206	0.005813924130052328	0.005683695897459984	0.005580512806773186	0.005512187257409096	0.005557006224989891
bloom-560m/8.mlp.dense_h_to_4h	mse	0.0509939007461071	0.04987621679902077	0.04901283606886864	0.04837118089199066	0.0477486215531826	0.04828164726495743	0.05151514708995819
bloom-560m/8.self_attention.dense	mse	0.002417648211121559	0.0024152714759111404	0.002405663952231407	0.0023910067975521088	0.002383495680987835	0.0024485415779054165	0.002658750396221876
bloom-560m/8.self_attention.query_key_value	mse	0.5297344326972961	0.5233211517333984	0.5046115517616272	0.4862113296985626	0.46329641342163086	0.44871091842651367	0.45408472418785095
bloom-560m/9.mlp.dense_4h_to_h	mse	0.005967647302895784	0.005789449438452721	0.005621070042252541	0.005503109656274319	0.005396103486418724	0.00531340017914772	0.005303187295794487
bloom-560m/9.mlp.dense_h_to_4h	mse	0.04198183864355087	0.04149341583251953	0.04063021391630173	0.03976023197174072	0.039318546652793884	0.03947398066520691	0.04170071333646774
bloom-560m/9.self_attention.dense	mse	0.002558102598413825	0.0025550145655870438	0.002548489486798644	0.002536032348871231	0.002527164528146386	0.0025677697267383337	0.0027090352959930897
bloom-560m/9.self_attention.query_key_value	mse	0.6394200921058655	0.6358535885810852	0.6273988485336304	0.6156560778617859	0.6034364104270935	0.5858228206634521	0.5784609317779541
opt-125m/0.fc1	mse	0.004688383545726538	0.004638591315597296	0.004431989509612322	0.0042175487615168095	0.0038748804945498705	0.003752395510673523	0.003988254815340042
opt-125m/0.fc2	mse	0.011474478989839554	0.011473622173070908	0.011487312614917755	0.01148340106010437	0.01147476863116026	0.011476774699985981	0.011483286507427692
opt-125m/0.self_attn.k_proj	mse	0.6945551037788391	0.6929037570953369	0.6866617202758789	0.6755918860435486	0.6551200747489929	0.6365167498588562	0.6318467259407043
opt-125m/0.self_attn.out_proj	mse	0.00032776143052615225	0.0003236261254642159	0.0003118788299616426	0.00029999157413840294	0.000273853016551584	0.0002684401406440884	0.0002672615519259125
opt-125m/0.self_attn.q_proj	mse	0.45729565620422363	0.454679936170578	0.4478018283843994	0.43630218505859375	0.4201056957244873	0.40991342067718506	0.4109560549259186
opt-125m/0.self_attn.v_proj	mse	0.004051561933010817	0.004027867689728737	0.003959957510232925	0.003909435588866472	0.0038361549377441406	0.003805664135143161	0.003901092102751136
opt-125m/1.fc1	mse	0.00921392347663641	0.009141482412815094	0.009006008505821228	0.008841405622661114	0.008838839828968048	0.009355857968330383	0.01087199617177248
opt-125m/1.fc2	mse	0.0016699832631275058	0.0016699298284947872	0.0016693630022928119	0.0016683804569765925	0.0016660875407978892	0.001670533325523138	0.0016783972969278693
opt-125m/1.self_attn.k_proj	mse	0.6280738711357117	0.6146913170814514	0.5965722799301147	0.5715188384056091	0.5418088436126709	0.513188362121582	0.5039488673210144
opt-125m/1.self_attn.out_proj	mse	0.00010216518421657383	9.90536282188259e-05	9.543818305246532e-05	9.253966709366068e-05	8.860640082275495e-05	8.796483598416671e-05	9.21373357414268e-05
opt-125m/1.self_attn.q_proj	mse	0.3449806869029999	0.3362058103084564	0.32337263226509094	0.31008732318878174	0.29336869716644287	0.2809189260005951	0.28068697452545166
opt-125m/1.self_attn.v_proj	mse	0.005203512031584978	0.004474971909075975	0.004305975046008825	0.0041690669022500515	0.004052437376230955	0.004038112238049507	0.004240947309881449
opt-125m/10.fc1	mse	0.04072439670562744	0.04026331380009651	0.038967784494161606	0.03673736751079559	0.03392501920461655	0.03238900005817413	0.03318778797984123
opt-125m/10.fc2	mse	0.0030906980391591787	0.003089235397055745	0.0030871620401740074	0.003085579490289092	0.0031092206481844187	0.0032087049912661314	0.0034696850925683975
opt-125m/10.self_attn.k_proj	mse	1.016095519065857	1.0141059160232544	1.008349061012268	0.9948563575744629	0.9723848700523376	0.9574990272521973	0.9688399434089661
opt-125m/10.self_attn.out_proj	mse	0.0011900472454726696	0.0011896739015355706	0.0011878814548254013	0.0011864687548950315	0.001187861431390047	0.0012140516191720963	0.0012957514263689518
opt-125m/10.self_attn.q_proj	mse	0.636371910572052	0.6333997249603271	0.6279193162918091	0.6189097762107849	0.604954183101654	0.592944324016571	0.599755585193634
opt-125m/10.self_attn.v_proj	mse	0.04469563066959381	0.04467901587486267	0.044550955295562744	0.043995052576065063	0.04346156120300293	0.04377133026719093	0.04565019905567169
opt-125m/11.fc1	mse	0.07008419185876846	0.0639801099896431	0.05414221063256264	0.04595513269305229	0.04032501205801964	0.038543473929166794	0.04018537327647209
opt-125m/11.fc2	mse	0.07022155076265335	0.07021982967853546	0.07021898776292801	0.07020454108715057	0.07025230675935745	0.0703899934887886	0.07056143879890442
opt-125m/11.self_attn.k_proj	mse	0.4856381416320801	0.4850797653198242	0.4828827679157257	0.47823747992515564	0.46981820464134216	0.46436476707458496	0.4757051467895508
opt-125m/11.self_attn.out_proj	mse	0.0034660939127206802	0.0034638678189367056	0.003451672615483403	0.0034339402336627245	0.003409961936995387	0.003419318003579974	0.003609932027757168
opt-125m/11.self_attn.q_proj	mse	0.3270246684551239	0.325953871011734	0.3239365816116333	0.3193279802799225	0.31230428814888	0.30947741866111755	0.3180077373981476
opt-125m/11.self_attn.v_proj	mse	0.05228770896792412	0.05224640294909477	0.05211051180958748	0.052007559686899185	0.05201682075858116	0.05256694555282593	0.05511373654007912
opt-125m/2.fc1	mse	0.0133608877658844	0.01262942235916853	0.011448529548943043	0.010457776486873627	0.00985452439635992	0.010015946812927723	0.011175945401191711
opt-125m/2.fc2	mse	0.011191311292350292	0.011191010475158691	0.011191040277481079	0.011190880089998245	0.011191424913704395	0.011194873601198196	0.011202315799891949
opt-125m/2.self_attn.k_proj	mse	1.1062480211257935	1.0912960767745972	1.069311261177063	1.0448203086853027	1.0209358930587769	1.0185900926589966	1.0459500551223755
opt-125m/2.self_attn.out_proj	mse	6.104850763222203e-05	6.079998638597317e-05	6.0052931075915694e-05	5.92939650232438e-05	5.916851296206005e-05	6.131645204732195e-05	6.704772386001423e-05
opt-125m/2.self_attn.q_proj	mse	0.9998615384101868	0.9846293330192566	0.9641016125679016	0.9417573809623718	0.9204668998718262	0.9152591824531555	0.9325788617134094
opt-125m/2.self_attn.v_proj	mse	0.01471470296382904	0.014094379730522633	0.013836178928613663	0.013558213599026203	0.01346126664429903	0.01407866831868887	0.015786442905664444
opt-125m/3.fc1	mse	0.009300713427364826	0.009069335646927357	0.008583232760429382	0.007947894744575024	0.007316736038774252	0.007180541753768921	0.007687511388212442
opt-125m/3.fc2	mse	0.000770442362409085	0.0007704432937316597	0.0007704021409153938	0.0007697002147324383	0.0007700989954173565	0.0007712433580309153	0.0007741854642517865
opt-125m/3.self_attn.k_proj	mse	1.962834358215332	1.9242734909057617	1.8707574605941772	1.8033925294876099	1.7568984031677246	1.73988676071167	1.7709218263626099
opt-125m/3.self_attn.out_proj	mse	6.921918975422159e-05	6.91893365001306e-05	6.90034867147915e-05	6.866806506877765e-05	6.870835204608738e-05	7.046153041301295e-05	7.565948908450082e-05
opt-125m/3.self_attn.q_proj	mse	1.7338638305664062	1.693579077720642	1.6401828527450562	1.5752325057983398	1.5323232412338257	1.5169991254806519	1.544340968132019
opt-125m/3.self_attn.v_proj	mse	0.02419690601527691	0.024184441193938255	0.02392866462469101	0.022455552592873573	0.022280186414718628	0.023335004225373268	0.026023097336292267
opt-125m/4.fc1	mse	0.019298715516924858	0.018222609534859657	0.016433531418442726	0.014284211210906506	0.012704160995781422	0.012290525250136852	0.0130571024492383
opt-125m/4.fc2	mse	0.0009584985673427582	0.0009577974560670555	0.0009578654426150024	0.0009583430364727974	0.0009606401436030865	0.0009663728415034711	0.0009805704466998577
opt-125m/4.self_attn.k_proj	mse	2.3042263984680176	2.271817445755005	2.216392755508423	2.1261684894561768	2.0668327808380127	2.0417563915252686	2.061903715133667
opt-125m/4.self_attn.out_proj	mse	9.900358418235555e-05	9.897418203763664e-05	9.891948866425082e-05	9.878721175482497e-05	9.878713899524882e-05	0.00010023888171417639	0.00010562405805103481
opt-125m/4.self_attn.q_proj	mse	1.6390568017959595	1.6069899797439575	1.55324125289917	1.4825592041015625	1.4228644371032715	1.3989423513412476	1.417087435722351
opt-125m/4.self_attn.v_proj	mse	0.02799937315285206	0.02700311504304409	0.026225298643112183	0.024896718561649323	0.023976312950253487	0.024711674079298973	0.027003174647688866
opt-125m/5.fc1	mse	0.012431452982127666	0.011964578181505203	0.011199705302715302	0.010505511425435543	0.010034266859292984	0.010055343620479107	0.01080042589455843
opt-125m/5.fc2	mse	0.0005150895449332893	0.0005150429205968976	0.000514831452164799	0.000515720690600574	0.0005207099602557719	0.0005362797528505325	0.0005721693160012364
opt-125m/5.self_attn.k_proj	mse	2.2362797260284424	2.202009439468384	2.1462268829345703	2.062673807144165	1.999625563621521	1.9695597887039185	1.977760672569275
opt-125m/5.self_attn.out_proj	mse	0.00016970753495115787	0.00016963836969807744	0.0001696249091764912	0.00016955558385234326	0.0001700639259070158	0.00017333682626485825	0.0001840239710872993
opt-125m/5.self_attn.q_proj	mse	1.6350103616714478	1.5770381689071655	1.5289669036865234	1.4603372812271118	1.4057984352111816	1.3799289464950562	1.3887630701065063
opt-125m/5.self_attn.v_proj	mse	0.032244011759757996	0.022313257679343224	0.021564483642578125	0.02051009051501751	0.01991400308907032	0.020353637635707855	0.021987343207001686
opt-125m/6.fc1	mse	0.013133500702679157	0.01276303082704544	0.012013339437544346	0.01106679905205965	0.010329880751669407	0.010246782563626766	0.010917921550571918
opt-125m/6.fc2	mse	0.000646393746137619	0.0006459832657128572	0.0006460202857851982	0.0006465283804573119	0.0006534533458761871	0.000674089475069195	0.000723312608897686
opt-125m/6.self_attn.k_proj	mse	2.142491579055786	2.1124274730682373	2.068418502807617	1.9947227239608765	1.9412587881088257	1.9100185632705688	1.9146875143051147
opt-125m/6.self_attn.out_proj	mse	0.00023357900499831885	0.00023351320123765618	0.00023316922306548804	0.0002327749243704602	0.0002331136929569766	0.00023712551046628505	0.0002513245271984488
opt-125m/6.self_attn.q_proj	mse	1.3758851289749146	1.3495588302612305	1.317380428314209	1.2633534669876099	1.2157747745513916	1.1891353130340576	1.1923400163650513
opt-125m/6.self_attn.v_proj	mse	0.04006220027804375	0.026529645547270775	0.026114987209439278	0.025247259065508842	0.024880701676011086	0.025269320234656334	0.02696409821510315
opt-125m/7.fc1	mse	0.015210221521556377	0.015083988197147846	0.014779423363506794	0.014230146072804928	0.013563842512667179	0.01333878468722105	0.013993528671562672
opt-125m/7.fc2	mse	0.0008011641330085695	0.0008009369485080242	0.0008007294381968677	0.000801411981228739	0.0008079961990006268	0.0008317414321936667	0.0008905169670470059
opt-125m/7.self_attn.k_proj	mse	1.6112743616104126	1.6043018102645874	1.5852349996566772	1.5562485456466675	1.5156550407409668	1.48659086227417	1.4945696592330933
opt-125m/7.self_attn.out_proj	mse	0.0003440945874899626	0.00034394976682960987	0.0003434951649978757	0.00034302007406949997	0.0003453746030572802	0.0003555650182534009	0.00038327075890265405
opt-125m/7.self_attn.q_proj	mse	0.9846816062927246	0.9689084887504578	0.9442238807678223	0.9236337542533875	0.8940059542655945	0.8747017979621887	0.8843339085578918
opt-125m/7.self_attn.v_proj	mse	0.03020024299621582	0.03001636266708374	0.029791124165058136	0.029269317165017128	0.0287091713398695	0.028822163119912148	0.03020564652979374
opt-125m/8.fc1	mse	0.020265843719244003	0.020151304081082344	0.01984025165438652	0.019250743091106415	0.018446488305926323	0.018164345994591713	0.019021756947040558
opt-125m/8.fc2	mse	0.0012864544987678528	0.0012862622970715165	0.0012857693945989013	0.0012868746416643262	0.0012971580727025867	0.0013345270417630672	0.001429819967597723
opt-125m/8.self_attn.k_proj	mse	1.4368432760238647	1.4275450706481934	1.4087800979614258	1.3817476034164429	1.343583106994629	1.3199663162231445	1.325823187828064
opt-125m/8.self_attn.out_proj	mse	0.0005985430907458067	0.0005981072899885476	0.0005976834218017757	0.0005964905139990151	0.0005977160180918872	0.0006085540517233312	0.0006435114773921669
opt-125m/8.self_attn.q_proj	mse	0.8864415287971497	0.8726263046264648	0.8477638363838196	0.8266410827636719	0.7958315014839172	0.7799267172813416	0.7898297309875488
opt-125m/8.self_attn.v_proj	mse	0.03487272188067436	0.03471016883850098	0.034376516938209534	0.03359036520123482	0.03281235322356224	0.03308626636862755	0.03470248356461525
opt-125m/9.fc1	mse	0.027258554473519325	0.027132751420140266	0.026766667142510414	0.02618090808391571	0.02530309557914734	0.024812346324324608	0.025692055001854897
opt-125m/9.fc2	mse	0.0019741158466786146	0.0019735784735530615	0.001972592668607831	0.001973371719941497	0.0019886058289557695	0.002043301472440362	0.0021907605696469545
opt-125m/9.self_attn.k_proj	mse	1.068550944328308	1.0636237859725952	1.0554336309432983	1.03658127784729	1.0030485391616821	0.9779913425445557	0.98164302110672
opt-125m/9.self_attn.out_proj	mse	0.0010223520221188664	0.0010216577211394906	0.0010200884426012635	0.0010174302151426673	0.0010192551417276263	0.0010442138882353902	0.0011124919401481748
opt-125m/9.self_attn.q_proj	mse	0.584210216999054	0.5797341465950012	0.5685246586799622	0.5577552914619446	0.5391643643379211	0.526885449886322	0.5348258018493652
opt-125m/9.self_attn.v_proj	mse	0.039442095905542374	0.03932292386889458	0.03906688466668129	0.0382552370429039	0.037404973059892654	0.03757089748978615	0.03927384689450264
opt-350m/0.fc1	mse	0.32958823442459106	0.31090670824050903	0.28197842836380005	0.2510414123535156	0.22121049463748932	0.2119264006614685	0.23003333806991577
opt-350m/0.fc2	mse	0.005458432249724865	0.00545771699398756	0.005452033132314682	0.005445349961519241	0.005445009097456932	0.005510619841516018	0.005776764824986458
opt-350m/0.self_attn.k_proj	mse	0.014755587093532085	0.013574274256825447	0.011824206449091434	0.010066639631986618	0.008480485528707504	0.007807353977113962	0.008046332746744156
opt-350m/0.self_attn.out_proj	mse	2.4691162252565846e-06	2.240700951006147e-06	1.8906119976236369e-06	1.535721139589441e-06	1.230072939506499e-06	1.1081676802859874e-06	1.1937647741433466e-06
opt-350m/0.self_attn.q_proj	mse	0.042446158826351166	0.04067807272076607	0.03733475133776665	0.0331803523004055	0.02869335375726223	0.025700518861413002	0.024213671684265137
opt-350m/0.self_attn.v_proj	mse	0.0001304145116591826	0.00012390065239742398	0.00011323983198963106	0.0001031555439112708	9.630581189412624e-05	9.99134499579668e-05	0.00011646166967693716
opt-350m/1.fc1	mse	0.22145888209342957	0.21701249480247498	0.207915261387825	0.19535303115844727	0.18248310685157776	0.18264462053775787	0.2046726644039154
opt-350m/1.fc2	mse	0.01615249179303646	0.016140516847372055	0.016114909201860428	0.016088278964161873	0.016085656359791756	0.01615564525127411	0.01643100380897522
opt-350m/1.self_attn.k_proj	mse	0.9986768960952759	0.9734013080596924	0.9255092740058899	0.8616135120391846	0.7861611843109131	0.7381439208984375	0.7558339238166809
opt-350m/1.self_attn.out_proj	mse	0.0021017403341829777	0.00209456286393106	0.0020778444595634937	0.002044058870524168	0.002012198558077216	0.0020593530498445034	0.002243039198219776
opt-350m/1.self_attn.q_proj	mse	0.46039602160453796	0.44938594102859497	0.4267541766166687	0.39652255177497864	0.3655821681022644	0.35259562730789185	0.3760652542114258
opt-350m/1.self_attn.v_proj	mse	0.08663986623287201	0.08478847146034241	0.08139441907405853	0.07719531655311584	0.07378382980823517	0.07608871161937714	0.0869467705488205
opt-350m/10.fc1	mse	0.21181254088878632	0.2091471254825592	0.20769137144088745	0.20654144883155823	0.20566609501838684	0.20881694555282593	0.22449642419815063
opt-350m/10.fc2	mse	0.02536952868103981	0.025370899587869644	0.02536611258983612	0.02538735792040825	0.025466041639447212	0.025799253955483437	0.026926416903734207
opt-350m/10.self_attn.k_proj	mse	0.4523160755634308	0.44583529233932495	0.4388768672943115	0.43310028314590454	0.4267262816429138	0.42813587188720703	0.4599025249481201
opt-350m/10.self_attn.out_proj	mse	0.010567239485681057	0.010566405951976776	0.010542189702391624	0.010526927188038826	0.010573608800768852	0.010839581489562988	0.01160846184939146
opt-350m/10.self_attn.q_proj	mse	0.3714715838432312	0.36596664786338806	0.36149322986602783	0.35854047536849976	0.35500821471214294	0.35785171389579773	0.3813764750957489
opt-350m/10.self_attn.v_proj	mse	0.1398487687110901	0.13568115234375	0.13332435488700867	0.13230200111865997	0.13217321038246155	0.13499799370765686	0.14477336406707764
opt-350m/11.fc1	mse	0.217698335647583	0.214827761054039	0.21293318271636963	0.21161454916000366	0.2113170027732849	0.21453142166137695	0.22958435118198395
opt-350m/11.fc2	mse	0.019980553537607193	0.019977079704403877	0.019976235926151276	0.019982386380434036	0.020102819427847862	0.020567335188388824	0.021901357918977737
opt-350m/11.self_attn.k_proj	mse	0.45943376421928406	0.45283830165863037	0.4446832835674286	0.4384261965751648	0.4319872260093689	0.43212437629699707	0.460064172744751
opt-350m/11.self_attn.out_proj	mse	0.00700689572840929	0.007003827020525932	0.006996741518378258	0.006968948058784008	0.0070083667524158955	0.007258226163685322	0.007926207035779953
opt-350m/11.self_attn.q_proj	mse	0.30817437171936035	0.3043859004974365	0.30141544342041016	0.29856714606285095	0.29680293798446655	0.30143505334854126	0.3254338204860687
opt-350m/11.self_attn.v_proj	mse	0.15840959548950195	0.1534680426120758	0.15004675090312958	0.1490618884563446	0.1492927074432373	0.15225327014923096	0.16216784715652466
opt-350m/12.fc1	mse	0.22679996490478516	0.2233070284128189	0.22129762172698975	0.22031950950622559	0.21978172659873962	0.22291284799575806	0.23786553740501404
opt-350m/12.fc2	mse	0.020147433504462242	0.020148105919361115	0.020148685202002525	0.020157748833298683	0.020228136330842972	0.020617688074707985	0.021792881190776825
opt-350m/12.self_attn.k_proj	mse	0.38817447423934937	0.38221773505210876	0.3760973811149597	0.3719615042209625	0.36790239810943604	0.37056535482406616	0.396257609128952
opt-350m/12.self_attn.out_proj	mse	0.010841412469744682	0.010836498811841011	0.010813322849571705	0.010789414867758751	0.010843619704246521	0.011121043935418129	0.011943744495511055
opt-350m/12.self_attn.q_proj	mse	0.36526790261268616	0.3613402247428894	0.3570440113544464	0.3540460467338562	0.3515591025352478	0.35388514399528503	0.37510138750076294
opt-350m/12.self_attn.v_proj	mse	0.19176247715950012	0.1875346153974533	0.18438641726970673	0.18335774540901184	0.1831941455602646	0.1859404742717743	0.19743266701698303
opt-350m/13.fc1	mse	0.22964729368686676	0.2246265709400177	0.2212376892566681	0.22005316615104675	0.2197507917881012	0.22275152802467346	0.23707401752471924
opt-350m/13.fc2	mse	0.021946437656879425	0.02194085717201233	0.02194022759795189	0.021947000175714493	0.022035345435142517	0.022440148517489433	0.023756789043545723
opt-350m/13.self_attn.k_proj	mse	0.4141230583190918	0.407690167427063	0.40136903524398804	0.3968251943588257	0.3929562568664551	0.3945807218551636	0.4210008382797241
opt-350m/13.self_attn.out_proj	mse	0.010700373910367489	0.010697717778384686	0.01068565621972084	0.0106738843023777	0.010698892176151276	0.010927777737379074	0.011588151566684246
opt-350m/13.self_attn.q_proj	mse	0.3061104416847229	0.3030987083911896	0.3006446063518524	0.2995552718639374	0.2990669012069702	0.3034038841724396	0.32464492321014404
opt-350m/13.self_attn.v_proj	mse	0.18816646933555603	0.18179363012313843	0.1786651611328125	0.17843547463417053	0.17847222089767456	0.18125098943710327	0.19141992926597595
opt-350m/14.fc1	mse	0.22849370539188385	0.22255872189998627	0.2181696891784668	0.21687574684619904	0.216716468334198	0.21970537304878235	0.23420628905296326
opt-350m/14.fc2	mse	0.020388653501868248	0.02038462832570076	0.020384948700666428	0.020390991121530533	0.020468154922127724	0.02082155831158161	0.021991970017552376
opt-350m/14.self_attn.k_proj	mse	0.3529815077781677	0.34712278842926025	0.3412298560142517	0.3370746970176697	0.3349614143371582	0.33884310722351074	0.36170482635498047
opt-350m/14.self_attn.out_proj	mse	0.0063880328088998795	0.0063818516209721565	0.006373988464474678	0.006360666826367378	0.006389902904629707	0.006578976288437843	0.0070954556576907635
opt-350m/14.self_attn.q_proj	mse	0.30675166845321655	0.3036717176437378	0.3010396361351013	0.29978179931640625	0.29952967166900635	0.30418795347213745	0.3244647681713104
opt-350m/14.self_attn.v_proj	mse	0.2088359296321869	0.20269450545310974	0.19944491982460022	0.19873657822608948	0.19865378737449646	0.2015039026737213	0.21303962171077728
opt-350m/15.fc1	mse	0.22493818402290344	0.2191763073205948	0.2148534208536148	0.2134973108768463	0.21318623423576355	0.21636119484901428	0.23086205124855042
opt-350m/15.fc2	mse	0.020358115434646606	0.020355384796857834	0.020363714545965195	0.020364835858345032	0.020437709987163544	0.020789774134755135	0.021950826048851013
opt-350m/15.self_attn.k_proj	mse	0.35751184821128845	0.3522530198097229	0.3473663628101349	0.34350693225860596	0.34119802713394165	0.3448539078235626	0.36875617504119873
opt-350m/15.self_attn.out_proj	mse	0.006762625649571419	0.006760260555893183	0.00674438988789916	0.006714474409818649	0.006727016530930996	0.006908418610692024	0.007408862933516502
opt-350m/15.self_attn.q_proj	mse	0.31353986263275146	0.3093535900115967	0.3063625693321228	0.3051739037036896	0.3045273721218109	0.309008926153183	0.3291472792625427
opt-350m/15.self_attn.v_proj	mse	0.19289368391036987	0.18661275506019592	0.18367430567741394	0.18292662501335144	0.18280670046806335	0.18566884100437164	0.19632503390312195
opt-350m/16.fc1	mse	0.22280524671077728	0.21678730845451355	0.21123921871185303	0.20946043729782104	0.209006667137146	0.2119966596364975	0.22624020278453827
opt-350m/16.fc2	mse	0.01965080201625824	0.019650373607873917	0.019649261608719826	0.01966211199760437	0.019740013405680656	0.020102569833397865	0.021273311227560043
opt-350m/16.self_attn.k_proj	mse	0.3438158631324768	0.3384682238101959	0.33417797088623047	0.33189016580581665	0.330037385225296	0.3337119221687317	0.3569165766239166
opt-350m/16.self_attn.out_proj	mse	0.008282657712697983	0.008281262591481209	0.008267413824796677	0.008240087889134884	0.00824909657239914	0.008449474349617958	0.009034734219312668
opt-350m/16.self_attn.q_proj	mse	0.31835952401161194	0.3134203553199768	0.310884952545166	0.3094386160373688	0.3090709149837494	0.31360355019569397	0.3338624835014343
opt-350m/16.self_attn.v_proj	mse	0.20959609746932983	0.20231866836547852	0.19772811233997345	0.19633913040161133	0.19644632935523987	0.19940775632858276	0.21088489890098572
opt-350m/17.fc1	mse	0.21464937925338745	0.20930001139640808	0.2029927372932434	0.20090943574905396	0.20045095682144165	0.20324869453907013	0.2175043672323227
opt-350m/17.fc2	mse	0.017908811569213867	0.017906978726387024	0.0179054643958807	0.017916161566972733	0.017968544736504555	0.018294773995876312	0.019327882677316666
opt-350m/17.self_attn.k_proj	mse	0.3370298743247986	0.33300772309303284	0.3290296494960785	0.32629621028900146	0.32498258352279663	0.3295884132385254	0.3537128269672394
opt-350m/17.self_attn.out_proj	mse	0.006564463023096323	0.006564062088727951	0.006541575770825148	0.006529024802148342	0.006522833369672298	0.006697886157780886	0.00726144015789032
opt-350m/17.self_attn.q_proj	mse	0.30321627855300903	0.29832831025123596	0.29485559463500977	0.2936425805091858	0.293315052986145	0.29784491658210754	0.31677383184432983
opt-350m/17.self_attn.v_proj	mse	0.20178669691085815	0.19556298851966858	0.1896991729736328	0.18781855702400208	0.1874980628490448	0.19047465920448303	0.20168545842170715
opt-350m/18.fc1	mse	0.20743514597415924	0.2025904655456543	0.1977466493844986	0.19589528441429138	0.19525450468063354	0.19793261587619781	0.2115393877029419
opt-350m/18.fc2	mse	0.015848800539970398	0.015851303935050964	0.01584455743432045	0.015853552147746086	0.015919432044029236	0.016227392479777336	0.017157291993498802
opt-350m/18.self_attn.k_proj	mse	0.33710145950317383	0.33255529403686523	0.3302593529224396	0.32842886447906494	0.32760652899742126	0.33146071434020996	0.3556220829486847
opt-350m/18.self_attn.out_proj	mse	0.004738330841064453	0.0047394223511219025	0.0047196694649755955	0.004708976950496435	0.004705614410340786	0.0048195491544902325	0.005232170224189758
opt-350m/18.self_attn.q_proj	mse	0.34641003608703613	0.3412572741508484	0.3379107117652893	0.336113303899765	0.3351159691810608	0.3382366895675659	0.356871634721756
opt-350m/18.self_attn.v_proj	mse	0.19449400901794434	0.18832704424858093	0.18266144394874573	0.18077650666236877	0.18078145384788513	0.18411685526371002	0.19553691148757935
opt-350m/19.fc1	mse	0.20195958018302917	0.19735081493854523	0.19386613368988037	0.19236281514167786	0.19124473631381989	0.19389981031417847	0.20717404782772064
opt-350m/19.fc2	mse	0.015078759752213955	0.01507791131734848	0.015079837292432785	0.015083876438438892	0.015139191411435604	0.015444774180650711	0.016367755830287933
opt-350m/19.self_attn.k_proj	mse	0.4219217896461487	0.41814500093460083	0.4159024953842163	0.41295790672302246	0.40921270847320557	0.4123196005821228	0.44220709800720215
opt-350m/19.self_attn.out_proj	mse	0.00516892597079277	0.005163581110537052	0.0051525188609957695	0.00512553658336401	0.005144363269209862	0.005319115240126848	0.005838081706315279
opt-350m/19.self_attn.q_proj	mse	0.4516149163246155	0.44752633571624756	0.4449573755264282	0.4425974488258362	0.4384911060333252	0.4391295909881592	0.4578179717063904
opt-350m/19.self_attn.v_proj	mse	0.16305440664291382	0.1590440422296524	0.15532279014587402	0.15406745672225952	0.15375925600528717	0.1564316600561142	0.166404128074646
opt-350m/2.fc1	mse	0.18315890431404114	0.18094491958618164	0.17686159908771515	0.1711875945329666	0.1658441424369812	0.16959986090660095	0.1904100775718689
opt-350m/2.fc2	mse	0.007709082216024399	0.007709638215601444	0.007709363475441933	0.007707618176937103	0.007724327966570854	0.007832488045096397	0.008197078481316566
opt-350m/2.self_attn.k_proj	mse	0.636492908000946	0.6270403861999512	0.6055856347084045	0.5771071910858154	0.5429515838623047	0.5291352868080139	0.5695862770080566
opt-350m/2.self_attn.out_proj	mse	0.0019441775511950254	0.0019432712579146028	0.0019336356781423092	0.001918161055073142	0.0019070684211328626	0.001937155146151781	0.0020943665876984596
opt-350m/2.self_attn.q_proj	mse	0.34994786977767944	0.3452577590942383	0.34030765295028687	0.330679327249527	0.3199525475502014	0.32249417901039124	0.34718209505081177
opt-350m/2.self_attn.v_proj	mse	0.10284031927585602	0.1014142781496048	0.09941090643405914	0.09659828990697861	0.09460560232400894	0.09847454726696014	0.11123029887676239
opt-350m/20.fc1	mse	0.19607985019683838	0.1925976276397705	0.19012226164340973	0.18894252181053162	0.18825578689575195	0.1911197304725647	0.20497438311576843
opt-350m/20.fc2	mse	0.015694409608840942	0.015693990513682365	0.015691615641117096	0.01569538563489914	0.015771392732858658	0.016106106340885162	0.017122559249401093
opt-350m/20.self_attn.k_proj	mse	0.8625020980834961	0.8602136373519897	0.8564780354499817	0.8481171727180481	0.8312071561813354	0.8267912864685059	0.8789493441581726
opt-350m/20.self_attn.out_proj	mse	0.005979482084512711	0.005972040817141533	0.005953124724328518	0.005945195909589529	0.005970166530460119	0.006157022435218096	0.006682306528091431
opt-350m/20.self_attn.q_proj	mse	0.5643941164016724	0.5620704889297485	0.5593259334564209	0.5542488098144531	0.5473663806915283	0.5444290041923523	0.5661145448684692
opt-350m/20.self_attn.v_proj	mse	0.14404577016830444	0.14059776067733765	0.1382293552160263	0.13758331537246704	0.13736703991889954	0.1398034691810608	0.1485171616077423
opt-350m/21.fc1	mse	0.20100480318069458	0.19779661297798157	0.1958407610654831	0.19487331807613373	0.19418804347515106	0.1970047950744629	0.21151214838027954
opt-350m/21.fc2	mse	0.01710909605026245	0.017109666019678116	0.017102202400565147	0.017102772369980812	0.017186211422085762	0.01759437844157219	0.01878562942147255
opt-350m/21.self_attn.k_proj	mse	0.934363842010498	0.9314960241317749	0.9252909421920776	0.9135526418685913	0.892973005771637	0.8784313201904297	0.9237493872642517
opt-350m/21.self_attn.out_proj	mse	0.005627899430692196	0.005627665668725967	0.005613114219158888	0.0055898940190672874	0.005608065519481897	0.005759289488196373	0.006212062668055296
opt-350m/21.self_attn.q_proj	mse	0.5705121755599976	0.569148063659668	0.5662072896957397	0.5603835582733154	0.5534808039665222	0.5544024705886841	0.5931674242019653
opt-350m/21.self_attn.v_proj	mse	0.13980495929718018	0.13705703616142273	0.13529501855373383	0.13461464643478394	0.1347249150276184	0.13733020424842834	0.14622589945793152
opt-350m/22.fc1	mse	0.1918591409921646	0.18924717605113983	0.1874140501022339	0.18642796576023102	0.1858142465353012	0.18822979927062988	0.2020423412322998
opt-350m/22.fc2	mse	0.019855473190546036	0.01985686644911766	0.019834645092487335	0.01982767879962921	0.019952960312366486	0.02056220732629299	0.02231869474053383
opt-350m/22.self_attn.k_proj	mse	1.2592089176177979	1.2549455165863037	1.2451428174972534	1.229100227355957	1.1988849639892578	1.175830602645874	1.2371985912322998
opt-350m/22.self_attn.out_proj	mse	0.010254540480673313	0.010253425687551498	0.010251794941723347	0.010242398828268051	0.010249514132738113	0.0103742815554142	0.010869504883885384
opt-350m/22.self_attn.q_proj	mse	0.4660313129425049	0.4642384648323059	0.4617273807525635	0.458942174911499	0.45726388692855835	0.46606847643852234	0.5113969445228577
opt-350m/22.self_attn.v_proj	mse	0.14052677154541016	0.13834378123283386	0.13735617697238922	0.13678818941116333	0.136881485581398	0.1393858641386032	0.1483989655971527
opt-350m/23.fc1	mse	0.18779191374778748	0.18512701988220215	0.183249831199646	0.18205198645591736	0.18025940656661987	0.1812458634376526	0.19373828172683716
opt-350m/23.fc2	mse	0.016906291246414185	0.016889749094843864	0.0168361384421587	0.016799703240394592	0.016981421038508415	0.017754046246409416	0.019687626510858536
opt-350m/23.self_attn.k_proj	mse	0.4371072053909302	0.43599849939346313	0.4340996742248535	0.43047669529914856	0.4244045317173004	0.42605265974998474	0.46281692385673523
opt-350m/23.self_attn.out_proj	mse	0.015989989042282104	0.015980999916791916	0.015894431620836258	0.015772078186273575	0.015638969838619232	0.015720248222351074	0.01664857193827629
opt-350m/23.self_attn.q_proj	mse	0.2921779155731201	0.2900497317314148	0.2884596586227417	0.2875627875328064	0.2872733771800995	0.2921679615974426	0.3150118291378021
opt-350m/23.self_attn.v_proj	mse	0.17979472875595093	0.17776460945606232	0.17672932147979736	0.17623141407966614	0.17685014009475708	0.1806456595659256	0.19332535564899445
opt-350m/3.fc1	mse	0.17633137106895447	0.17393314838409424	0.1716829538345337	0.1681760847568512	0.16500842571258545	0.16926619410514832	0.18865534663200378
opt-350m/3.fc2	mse	0.007884804159402847	0.007884209975600243	0.007881464436650276	0.007878235541284084	0.007903100922703743	0.00803576223552227	0.00845514889806509
opt-350m/3.self_attn.k_proj	mse	0.549447774887085	0.5409008860588074	0.5295983552932739	0.513227105140686	0.49266254901885986	0.4851480722427368	0.5217921733856201
opt-350m/3.self_attn.out_proj	mse	0.002026159316301346	0.0020228559151291847	0.0020165510941296816	0.0019967625848948956	0.0019791654776781797	0.0020160875283181667	0.0021905554458498955
opt-350m/3.self_attn.q_proj	mse	0.4063885509967804	0.4027397036552429	0.39671963453292847	0.38855791091918945	0.38022828102111816	0.38063281774520874	0.4021896719932556
opt-350m/3.self_attn.v_proj	mse	0.11342530697584152	0.11115686595439911	0.10984843969345093	0.10828988254070282	0.10746748745441437	0.11165670305490494	0.1257166862487793
opt-350m/4.fc1	mse	0.18212918937206268	0.17901629209518433	0.1768338680267334	0.1741199493408203	0.17150065302848816	0.17563821375370026	0.19390323758125305
opt-350m/4.fc2	mse	0.008825615048408508	0.008825520053505898	0.008823879063129425	0.008824407123029232	0.008850622922182083	0.00900114793330431	0.009493468329310417
opt-350m/4.self_attn.k_proj	mse	0.6514104604721069	0.6423918008804321	0.6317815184593201	0.6161755323410034	0.5932868719100952	0.5815749168395996	0.6140868663787842
opt-350m/4.self_attn.out_proj	mse	0.002470575273036957	0.002465750090777874	0.0024509821087121964	0.002430983819067478	0.0024211066775023937	0.0025009075179696083	0.0027781701646745205
opt-350m/4.self_attn.q_proj	mse	0.39843666553497314	0.3924744725227356	0.3882063031196594	0.3825071454048157	0.3748410940170288	0.37706440687179565	0.4002752900123596
opt-350m/4.self_attn.v_proj	mse	0.10916619747877121	0.10728835314512253	0.10570360720157623	0.10427439212799072	0.10385534167289734	0.10753156989812851	0.11995414644479752
opt-350m/5.fc1	mse	0.19572637975215912	0.1935899704694748	0.19116847217082977	0.1882573962211609	0.18512031435966492	0.18846997618675232	0.20609153807163239
opt-350m/5.fc2	mse	0.00890832208096981	0.008906461298465729	0.008902500383555889	0.008900435641407967	0.008938421495258808	0.009135366417467594	0.009705524891614914
opt-350m/5.self_attn.k_proj	mse	0.762712836265564	0.7543822526931763	0.7439377307891846	0.7284380197525024	0.7017728090286255	0.6836121082305908	0.7032886147499084
opt-350m/5.self_attn.out_proj	mse	0.0020907686557620764	0.002086874097585678	0.002077041892334819	0.0020416369661688805	0.0020200018770992756	0.002070870716124773	0.0022634887136518955
opt-350m/5.self_attn.q_proj	mse	0.6893675327301025	0.6829359531402588	0.6743021607398987	0.6629271507263184	0.6462872624397278	0.6319137215614319	0.6386486291885376
opt-350m/5.self_attn.v_proj	mse	0.10640477389097214	0.10373429954051971	0.10222165286540985	0.10126122832298279	0.10117612779140472	0.10489305108785629	0.11641228199005127
opt-350m/6.fc1	mse	0.20748069882392883	0.20249512791633606	0.19940561056137085	0.19664427638053894	0.1942206621170044	0.19743774831295013	0.21553194522857666
opt-350m/6.fc2	mse	0.010559692978858948	0.010557569563388824	0.010551501996815205	0.01055053435266018	0.010607857257127762	0.01086212694644928	0.011585114523768425
opt-350m/6.self_attn.k_proj	mse	1.362994909286499	1.350569486618042	1.3321342468261719	1.3029859066009521	1.2549550533294678	1.2170974016189575	1.2519912719726562
opt-350m/6.self_attn.out_proj	mse	0.003112585749477148	0.0031082946807146072	0.0030973716638982296	0.0030742045491933823	0.003062233794480562	0.003113186452537775	0.003315406385809183
opt-350m/6.self_attn.q_proj	mse	0.7657840251922607	0.7561017870903015	0.7461581230163574	0.7330403327941895	0.7147390842437744	0.7009664177894592	0.7128644585609436
opt-350m/6.self_attn.v_proj	mse	0.09300833940505981	0.08934102952480316	0.08762738108634949	0.08689740300178528	0.08708921074867249	0.09026707708835602	0.10000014305114746
opt-350m/7.fc1	mse	0.2194400131702423	0.21425297856330872	0.2112586498260498	0.20912036299705505	0.2070671021938324	0.21037884056568146	0.22925949096679688
opt-350m/7.fc2	mse	0.0130334896966815	0.013032213784754276	0.013026385568082333	0.01302567683160305	0.013104813173413277	0.013441408053040504	0.01438350509852171
opt-350m/7.self_attn.k_proj	mse	1.127551794052124	1.1165851354599	1.1000754833221436	1.0800602436065674	1.0456516742706299	1.023445725440979	1.0661251544952393
opt-350m/7.self_attn.out_proj	mse	0.004341484978795052	0.004340342711657286	0.004330442752689123	0.004319728352129459	0.004315135069191456	0.0044013867154717445	0.004691568203270435
opt-350m/7.self_attn.q_proj	mse	0.6195884346961975	0.6107977628707886	0.6043168306350708	0.596295177936554	0.5826064348220825	0.5762819647789001	0.5986947417259216
opt-350m/7.self_attn.v_proj	mse	0.10070084035396576	0.09704957157373428	0.09506251662969589	0.0944274365901947	0.09470924735069275	0.09782002866268158	0.10726749897003174
opt-350m/8.fc1	mse	0.21238310635089874	0.20836088061332703	0.2060764729976654	0.20455515384674072	0.20285284519195557	0.20623084902763367	0.22336184978485107
opt-350m/8.fc2	mse	0.01627679169178009	0.016278082504868507	0.016273338347673416	0.016274344176054	0.01635042019188404	0.016753319650888443	0.017956994473934174
opt-350m/8.self_attn.k_proj	mse	0.9706162214279175	0.9612332582473755	0.947979748249054	0.9306880235671997	0.9057803153991699	0.8961313962936401	0.9586255550384521
opt-350m/8.self_attn.out_proj	mse	0.006095931399613619	0.006090751849114895	0.006079619284719229	0.006056573707610369	0.006065910682082176	0.00617573969066143	0.006532973609864712
opt-350m/8.self_attn.q_proj	mse	0.5023866891860962	0.4951154589653015	0.4906238913536072	0.48527634143829346	0.47717970609664917	0.477175772190094	0.5045981407165527
opt-350m/8.self_attn.v_proj	mse	0.10553841292858124	0.10188990086317062	0.1000075712800026	0.09948143362998962	0.0997064933180809	0.10246415436267853	0.11122212558984756
opt-350m/9.fc1	mse	0.20615707337856293	0.20322346687316895	0.2013445496559143	0.20011669397354126	0.19908373057842255	0.20197820663452148	0.2173437476158142
opt-350m/9.fc2	mse	0.01620151288807392	0.016200825572013855	0.016199856996536255	0.016201017424464226	0.016285313293337822	0.016687653958797455	0.017840635031461716
opt-350m/9.self_attn.k_proj	mse	0.7136564254760742	0.7054716944694519	0.6954463720321655	0.6841661930084229	0.66910719871521	0.6658742427825928	0.7149219512939453
opt-350m/9.self_attn.out_proj	mse	0.006760121323168278	0.006752309389412403	0.006730745546519756	0.006698555313050747	0.006745053920894861	0.006980538368225098	0.007635687477886677
opt-350m/9.self_attn.q_proj	mse	0.3670509159564972	0.36039888858795166	0.3553927540779114	0.3522506654262543	0.350493848323822	0.3568214774131775	0.38753756880760193
opt-350m/9.self_attn.v_proj	mse	0.11921465396881104	0.11547599732875824	0.1129932552576065	0.11237415671348572	0.11231166124343872	0.11481602489948273	0.1235925629734993
