Data	MSE	Diag	Hessian	OBQAware
bloom-560m/0.mlp.dense_4h_to_h	0.0010199141688644886	0.0007575646741315722	0.0007287220796570182	0.0006854193052276969
bloom-560m/0.mlp.dense_h_to_4h	0.015834152698516846	0.016704784706234932	0.016105538234114647	0.014493431895971298
bloom-560m/0.self_attention.dense	0.000334533688146621	0.0002750762505456805	0.00028925511287525296	0.00022908049868419766
bloom-560m/0.self_attention.query_key_value	0.022651707753539085	0.022095294669270515	0.022519579157233238	0.020841317251324654
bloom-560m/1.mlp.dense_4h_to_h	0.0009493031539022923	0.0009284900152124465	0.0009641975630074739	0.0009073750698007643
bloom-560m/1.mlp.dense_h_to_4h	0.02090967819094658	0.021523263305425644	0.021762803196907043	0.020020637661218643
bloom-560m/1.self_attention.dense	0.0002509109617676586	0.0002769877028185874	0.00027288857381790876	0.00022719921253155917
bloom-560m/1.self_attention.query_key_value	0.02875288389623165	0.02838776260614395	0.02911996655166149	0.027203932404518127
bloom-560m/10.mlp.dense_4h_to_h	0.002088653389364481	0.001924605225212872	0.002020871266722679	0.0019021991174668074
bloom-560m/10.mlp.dense_h_to_4h	0.02856285497546196	0.02829248085618019	0.028621435165405273	0.02620602771639824
bloom-560m/10.self_attention.dense	0.0009365393198095262	0.0009457857813686132	0.0009527212241664529	0.000916691031306982
bloom-560m/10.self_attention.query_key_value	0.5960080623626709	0.13796663284301758	0.13694526255130768	0.1137205958366394
bloom-560m/11.mlp.dense_4h_to_h	0.001985664013773203	0.0019547005649656057	0.0020347549580037594	0.00193517014849931
bloom-560m/11.mlp.dense_h_to_4h	0.030052121728658676	0.02939540147781372	0.029604367911815643	0.02740522474050522
bloom-560m/11.self_attention.dense	0.0009160636109299958	0.0009310499299317598	0.000952579895965755	0.0008968350011855364
bloom-560m/11.self_attention.query_key_value	0.2785121202468872	0.09160580486059189	0.09053663164377213	0.07826415449380875
bloom-560m/12.mlp.dense_4h_to_h	0.0022625792771577835	0.0022640442475676537	0.002368136076256633	0.0022443891502916813
bloom-560m/12.mlp.dense_h_to_4h	0.036693766713142395	0.03702438250184059	0.03776362165808678	0.03453296422958374
bloom-560m/12.self_attention.dense	0.0009053739486262202	0.0009056262206286192	0.0009266587439924479	0.0008880349341779947
bloom-560m/12.self_attention.query_key_value	0.32957565784454346	0.11351057887077332	0.11445512622594833	0.10026977211236954
bloom-560m/13.mlp.dense_4h_to_h	0.002213655970990658	0.0022125483956187963	0.0022957785986363888	0.0021971813403069973
bloom-560m/13.mlp.dense_h_to_4h	0.037101611495018005	0.03814123570919037	0.0385633185505867	0.035750336945056915
bloom-560m/13.self_attention.dense	0.0009575271978974342	0.000963942613452673	0.0009910895023494959	0.0009369516046717763
bloom-560m/13.self_attention.query_key_value	0.25758132338523865	0.11105390638113022	0.11212895065546036	0.09978560358285904
bloom-560m/14.mlp.dense_4h_to_h	0.002317927312105894	0.0023154299706220627	0.002412331523373723	0.0023003476671874523
bloom-560m/14.mlp.dense_h_to_4h	0.03732641041278839	0.038264889270067215	0.03868600353598595	0.03610381484031677
bloom-560m/14.self_attention.dense	0.0007888915133662522	0.0007878555334173143	0.0008044003043323755	0.0007719775312580168
bloom-560m/14.self_attention.query_key_value	0.25517669320106506	0.11532174795866013	0.11635907739400864	0.10360582917928696
bloom-560m/15.mlp.dense_4h_to_h	0.002470885869115591	0.002472414169460535	0.002573493169620633	0.0024531674571335316
bloom-560m/15.mlp.dense_h_to_4h	0.038118720054626465	0.039265409111976624	0.0396527498960495	0.03688117116689682
bloom-560m/15.self_attention.dense	0.0008385280962102115	0.0008375964825972915	0.0008650260861031711	0.0008122364524751902
bloom-560m/15.self_attention.query_key_value	0.2299180030822754	0.11130016297101974	0.11290552467107773	0.10106924176216125
bloom-560m/16.mlp.dense_4h_to_h	0.0027578393928706646	0.0027576168067753315	0.002881546039134264	0.0027373097836971283
bloom-560m/16.mlp.dense_h_to_4h	0.038773730397224426	0.03963588923215866	0.04005727171897888	0.03709689527750015
bloom-560m/16.self_attention.dense	0.0008917556842789054	0.0008940941770561039	0.0009113240521401167	0.0008705058135092258
bloom-560m/16.self_attention.query_key_value	0.2511124610900879	0.12125801295042038	0.12297303229570389	0.11022073775529861
bloom-560m/17.mlp.dense_4h_to_h	0.003213693853467703	0.0032124891877174377	0.0033496494870632887	0.003189578652381897
bloom-560m/17.mlp.dense_h_to_4h	0.03819442540407181	0.03962823748588562	0.03999335691332817	0.03695058822631836
bloom-560m/17.self_attention.dense	0.0009093243861570954	0.0009327730513177812	0.0009449615026824176	0.0008801411604508758
bloom-560m/17.self_attention.query_key_value	0.1803562045097351	0.09763070195913315	0.09793571382761002	0.08851861953735352
bloom-560m/18.mlp.dense_4h_to_h	0.003782975487411022	0.0037872465327382088	0.003957165405154228	0.0037543133366853
bloom-560m/18.mlp.dense_h_to_4h	0.039655208587646484	0.04115898907184601	0.04168172925710678	0.038252100348472595
bloom-560m/18.self_attention.dense	0.0012098209699615836	0.0012312534963712096	0.0012571237748488784	0.0011754296720027924
bloom-560m/18.self_attention.query_key_value	0.23965154588222504	0.10311118513345718	0.10541319847106934	0.09404488652944565
bloom-560m/19.mlp.dense_4h_to_h	0.00454694963991642	0.004574268124997616	0.004825452342629433	0.004502412863075733
bloom-560m/19.mlp.dense_h_to_4h	0.04104405641555786	0.042474862188100815	0.04310738667845726	0.03965117782354355
bloom-560m/19.self_attention.dense	0.0015016066608950496	0.0015575983561575413	0.001583772711455822	0.0014698663726449013
bloom-560m/19.self_attention.query_key_value	0.2895565330982208	0.10732432454824448	0.11081748455762863	0.09882932901382446
bloom-560m/2.mlp.dense_4h_to_h	0.0015102368779480457	0.001509015099145472	0.0015720328083261847	0.0014943141723051667
bloom-560m/2.mlp.dense_h_to_4h	0.03217441961169243	0.03265884518623352	0.033514924347400665	0.030744243413209915
bloom-560m/2.self_attention.dense	0.00026019307551905513	0.0002516407403163612	0.0002509159967303276	0.00022760390129406005
bloom-560m/2.self_attention.query_key_value	0.033284056931734085	0.033108051866292953	0.033722665160894394	0.03182850778102875
bloom-560m/20.mlp.dense_4h_to_h	0.006821528077125549	0.006654968019574881	0.007066951133310795	0.006302637048065662
bloom-560m/20.mlp.dense_h_to_4h	0.04212437942624092	0.04362967610359192	0.04440077766776085	0.040522269904613495
bloom-560m/20.self_attention.dense	0.002684745006263256	0.002730423118919134	0.0028038262389600277	0.0024612334091216326
bloom-560m/20.self_attention.query_key_value	0.35412564873695374	0.1154143214225769	0.12016189098358154	0.10562485456466675
bloom-560m/21.mlp.dense_4h_to_h	0.018368028104305267	0.01657838374376297	0.020281964913010597	0.013325270265340805
bloom-560m/21.mlp.dense_h_to_4h	0.04244152456521988	0.045100536197423935	0.04551434516906738	0.04047837480902672
bloom-560m/21.self_attention.dense	0.017967741936445236	0.011407474987208843	0.009592829272150993	0.007120023015886545
bloom-560m/21.self_attention.query_key_value	0.40740683674812317	0.13190396130084991	0.1380629688501358	0.12121038883924484
bloom-560m/22.mlp.dense_4h_to_h	0.01953265815973282	0.01975630223751068	0.018210435286164284	0.015358000993728638
bloom-560m/22.mlp.dense_h_to_4h	0.04850757494568825	0.0568210706114769	0.05247708410024643	0.03877764195203781
bloom-560m/22.self_attention.dense	0.036987513303756714	0.014905935153365135	0.011643717996776104	0.009436696767807007
bloom-560m/22.self_attention.query_key_value	0.4179832935333252	0.11107010394334793	0.12650634348392487	0.09431812167167664
bloom-560m/23.mlp.dense_4h_to_h	0.012611736543476582	0.00895262137055397	0.008577294647693634	0.006624783389270306
bloom-560m/23.mlp.dense_h_to_4h	0.10675075650215149	0.05221111327409744	0.04461194947361946	0.03195957839488983
bloom-560m/23.self_attention.dense	0.003782254410907626	0.0037362659350037575	0.003197767771780491	0.0023139966651797295
bloom-560m/23.self_attention.query_key_value	0.03514992818236351	0.03854447975754738	0.03867862746119499	0.03148148953914642
bloom-560m/3.mlp.dense_4h_to_h	0.0021898287814110518	0.0021558436565101147	0.0022479286417365074	0.002106493804603815
bloom-560m/3.mlp.dense_h_to_4h	0.03467956930398941	0.03528575599193573	0.03603685647249222	0.03333223983645439
bloom-560m/3.self_attention.dense	0.0007205157307907939	0.0005134487873874605	0.0004235908854752779	0.00039183825720101595
bloom-560m/3.self_attention.query_key_value	0.034508589655160904	0.03415796160697937	0.034823108464479446	0.032895129173994064
bloom-560m/4.mlp.dense_4h_to_h	0.05996173620223999	0.029186230152845383	0.015249032527208328	0.008820007555186749
bloom-560m/4.mlp.dense_h_to_4h	0.031725428998470306	0.03232591226696968	0.033137332648038864	0.03046412207186222
bloom-560m/4.self_attention.dense	0.0006233520107343793	0.0004893505247309804	0.0004883870715275407	0.0004568550502881408
bloom-560m/4.self_attention.query_key_value	0.03545708581805229	0.0341934897005558	0.035154011100530624	0.032739851623773575
bloom-560m/5.mlp.dense_4h_to_h	0.002778640715405345	0.002751280553638935	0.0028308723121881485	0.0027187298983335495
bloom-560m/5.mlp.dense_h_to_4h	0.02582329511642456	0.026278860867023468	0.026797126978635788	0.02439507655799389
bloom-560m/5.self_attention.dense	0.0007400190224871039	0.0005856506759300828	0.0006122407503426075	0.0005572742666117847
bloom-560m/5.self_attention.query_key_value	0.04267344996333122	0.04063062742352486	0.0413590744137764	0.03695543482899666
bloom-560m/6.mlp.dense_4h_to_h	0.002619723090901971	0.0026234204415231943	0.002695845440030098	0.002497646724805236
bloom-560m/6.mlp.dense_h_to_4h	0.03083765134215355	0.03199799358844757	0.03222227841615677	0.02920309454202652
bloom-560m/6.self_attention.dense	0.0008498675306327641	0.0008777965558692813	0.0009253777679987252	0.0008189375512301922
bloom-560m/6.self_attention.query_key_value	0.0676344707608223	0.05616201087832451	0.055118005722761154	0.047138512134552
bloom-560m/7.mlp.dense_4h_to_h	0.0018058198038488626	0.0016219825483858585	0.001695056795142591	0.0015911846421658993
bloom-560m/7.mlp.dense_h_to_4h	0.017809361219406128	0.01734255999326706	0.01741183176636696	0.015907898545265198
bloom-560m/7.self_attention.dense	0.0006970935501158237	0.0006627509137615561	0.0006901781307533383	0.0006220819777809083
bloom-560m/7.self_attention.query_key_value	0.06729792058467865	0.05299137160181999	0.05021532252430916	0.04105678200721741
bloom-560m/8.mlp.dense_4h_to_h	0.0015455319080501795	0.0011173118837177753	0.0011686808429658413	0.0011012644972652197
bloom-560m/8.mlp.dense_h_to_4h	0.012732678093016148	0.012475846335291862	0.012457944452762604	0.011581532657146454
bloom-560m/8.self_attention.dense	0.0007387683144770563	0.0007541473023593426	0.0007815139833837748	0.0007183947018347681
bloom-560m/8.self_attention.query_key_value	0.14197920262813568	0.08092733472585678	0.0777437686920166	0.06360071152448654
bloom-560m/9.mlp.dense_4h_to_h	0.0014779239427298307	0.000955876661464572	0.001010448788292706	0.0009403886506333947
bloom-560m/9.mlp.dense_h_to_4h	0.011500714346766472	0.00983789935708046	0.009810876101255417	0.009042615070939064
bloom-560m/9.self_attention.dense	0.0007775633130222559	0.0007822143379598856	0.0007899348274804652	0.0007537460187450051
bloom-560m/9.self_attention.query_key_value	0.2373691350221634	0.08324220031499863	0.0813731998205185	0.06748464703559875
opt-125m/0.fc1	0.0008851264719851315	0.0009515478159300983	0.0009699561633169651	0.0008305644732899964
opt-125m/0.fc2	0.010809611529111862	0.0005649945815093815	0.0004502444062381983	0.00019095292373094708
opt-125m/0.self_attn.k_proj	0.2856523096561432	0.11318516731262207	0.10673987865447998	0.09282376617193222
opt-125m/0.self_attn.out_proj	5.7621411542641e-05	4.648683898267336e-05	3.5380122426431626e-05	2.7726806365535595e-05
opt-125m/0.self_attn.q_proj	0.16128258407115936	0.08001245558261871	0.07627903670072556	0.06915301084518433
opt-125m/0.self_attn.v_proj	0.0014851870946586132	0.0010752248344942927	0.0011017991928383708	0.0009382528369314969
opt-125m/1.fc1	0.0024224852677434683	0.004415077622979879	0.002780530834570527	0.0021573633421212435
opt-125m/1.fc2	0.0012632556026801467	0.0009829701157286763	0.000639909238088876	0.00015178443572949618
opt-125m/1.self_attn.k_proj	0.19242948293685913	0.051151975989341736	0.05233336612582207	0.042158182710409164
opt-125m/1.self_attn.out_proj	2.942756145785097e-05	2.467079866619315e-05	2.943231629615184e-05	2.2993224774836563e-05
opt-125m/1.self_attn.q_proj	0.10010635852813721	0.03275495395064354	0.03243544325232506	0.026868632063269615
opt-125m/1.self_attn.v_proj	0.0011910219909623265	0.0010615172795951366	0.0010428470559418201	0.0009339709649793804
opt-125m/10.fc1	0.007891391403973103	0.007945524528622627	0.008062534034252167	0.0074613019824028015
opt-125m/10.fc2	0.0010990760056301951	0.0010994421318173409	0.0011434642365202308	0.0010588212171569467
opt-125m/10.self_attn.k_proj	0.5386898517608643	0.2760140001773834	0.26557445526123047	0.2413005381822586
opt-125m/10.self_attn.out_proj	0.00036922391154803336	0.0003746964212041348	0.00038270928780548275	0.0003613376466091722
opt-125m/10.self_attn.q_proj	0.26261934638023376	0.15707236528396606	0.1554848551750183	0.14528991281986237
opt-125m/10.self_attn.v_proj	0.014158565551042557	0.014335233718156815	0.014701448380947113	0.013867435045540333
opt-125m/11.fc1	0.009973780252039433	0.010572013445198536	0.010159983299672604	0.009155229665338993
opt-125m/11.fc2	0.021613558754324913	0.021554894745349884	0.002005953574553132	0.0015935698756948113
opt-125m/11.self_attn.k_proj	0.19910180568695068	0.14677204191684723	0.14525996148586273	0.13703487813472748
opt-125m/11.self_attn.out_proj	0.001052773091942072	0.0009558987803757191	0.0009423459996469319	0.0008802097290754318
opt-125m/11.self_attn.q_proj	0.09698875993490219	0.08608994632959366	0.08606406301259995	0.08192328363656998
opt-125m/11.self_attn.v_proj	0.01698911003768444	0.01700880378484726	0.017461488023400307	0.016685185953974724
opt-125m/2.fc1	0.0025751718785613775	0.0038761815521866083	0.0026712752878665924	0.002395101124420762
opt-125m/2.fc2	0.00928048137575388	0.0012210201239213347	0.0002685434592422098	0.00019109495042357594
opt-125m/2.self_attn.k_proj	0.483306884765625	0.21434026956558228	0.17791424691677094	0.09873062372207642
opt-125m/2.self_attn.out_proj	1.8227123291580938e-05	2.121934994647745e-05	1.998757761612069e-05	1.759826955094468e-05
opt-125m/2.self_attn.q_proj	0.5094268321990967	0.15154747664928436	0.13123901188373566	0.07411425560712814
opt-125m/2.self_attn.v_proj	0.0024843888822942972	0.0049452693201601505	0.004246039316058159	0.002328878967091441
opt-125m/3.fc1	0.0019412747351452708	0.002453418215736747	0.0021642986685037613	0.0018338136142119765
opt-125m/3.fc2	0.0006129026296548545	0.00043109722901135683	0.0002347593690501526	0.00016984999820124358
opt-125m/3.self_attn.k_proj	1.2188457250595093	0.12498684972524643	0.12750808894634247	0.0784570574760437
opt-125m/3.self_attn.out_proj	2.1689687855541706e-05	2.219666203018278e-05	2.2185829948284663e-05	2.089761255774647e-05
opt-125m/3.self_attn.q_proj	1.0300089120864868	0.11325094103813171	0.11780800670385361	0.07074634730815887
opt-125m/3.self_attn.v_proj	0.0045761726796627045	0.007741914596408606	0.006894463673233986	0.004250564146786928
opt-125m/4.fc1	0.0030599497258663177	0.003908923361450434	0.0034801841247826815	0.002881205640733242
opt-125m/4.fc2	0.0007013172726146877	0.0005084733129478991	0.0004278231645002961	0.00021809821191709489
opt-125m/4.self_attn.k_proj	1.4905667304992676	0.1537965089082718	0.16251640021800995	0.10978186130523682
opt-125m/4.self_attn.out_proj	3.064173142774962e-05	3.1126048270380124e-05	3.211422881577164e-05	3.0027696993784048e-05
opt-125m/4.self_attn.q_proj	0.9014413952827454	0.13176946341991425	0.13409523665905	0.09569928795099258
opt-125m/4.self_attn.v_proj	0.005529541522264481	0.00814579613506794	0.007542695850133896	0.005306107457727194
opt-125m/5.fc1	0.0026700450107455254	0.0028745129238814116	0.0027737810742110014	0.002542047528550029
opt-125m/5.fc2	0.00018987587827723473	0.0001721090084174648	0.00017531529010739177	0.00016177017823792994
opt-125m/5.self_attn.k_proj	1.4154572486877441	0.1706370711326599	0.17171622812747955	0.13076283037662506
opt-125m/5.self_attn.out_proj	5.302094723447226e-05	5.3759784350404516e-05	5.507700188900344e-05	5.1802664529532194e-05
opt-125m/5.self_attn.q_proj	0.883284330368042	0.14890815317630768	0.1531783789396286	0.11680086702108383
opt-125m/5.self_attn.v_proj	0.005078969523310661	0.006504040211439133	0.006272731348872185	0.0049156309105455875
opt-125m/6.fc1	0.0027583495248109102	0.0030630361288785934	0.0028116784524172544	0.0025915391743183136
opt-125m/6.fc2	0.00024043595476541668	0.00022396771237254143	0.0002290354314027354	0.00020966121519450098
opt-125m/6.self_attn.k_proj	1.3428059816360474	0.18993957340717316	0.19150173664093018	0.15035772323608398
opt-125m/6.self_attn.out_proj	7.214923243736848e-05	7.392556290142238e-05	7.460653432644904e-05	7.055936293909326e-05
opt-125m/6.self_attn.q_proj	0.7217143177986145	0.14134202897548676	0.1436411738395691	0.11901650577783585
opt-125m/6.self_attn.v_proj	0.006748014595359564	0.008024641312658787	0.007973193190991879	0.006548143923282623
opt-125m/7.fc1	0.0034502034541219473	0.003621100215241313	0.0035818766336888075	0.0033181209582835436
opt-125m/7.fc2	0.0002903741260524839	0.00027349963784217834	0.0002804699179250747	0.0002615762932691723
opt-125m/7.self_attn.k_proj	0.9496443867683411	0.23842841386795044	0.2322133183479309	0.19560325145721436
opt-125m/7.self_attn.out_proj	0.00011324905790388584	0.00011279225145699456	0.00011690511018969119	0.00010846844088518992
opt-125m/7.self_attn.q_proj	0.4512064456939697	0.15226157009601593	0.1497025191783905	0.1279170662164688
opt-125m/7.self_attn.v_proj	0.009038147516548634	0.009120029397308826	0.009059390984475613	0.0077600679360330105
opt-125m/8.fc1	0.004737149458378553	0.004868591669946909	0.0049131265841424465	0.004537560511380434
opt-125m/8.fc2	0.00046198241761885583	0.0004514159227255732	0.0004623653367161751	0.00043319465476088226
opt-125m/8.self_attn.k_proj	0.8028090596199036	0.24479849636554718	0.24272729456424713	0.20205801725387573
opt-125m/8.self_attn.out_proj	0.00018384431314188987	0.00018776858632918447	0.00019041022460442036	0.00017984370060730726
opt-125m/8.self_attn.q_proj	0.36162057518959045	0.15440525114536285	0.1502949744462967	0.13583578169345856
opt-125m/8.self_attn.v_proj	0.010279293172061443	0.011111701838672161	0.011146120727062225	0.010012760758399963
opt-125m/9.fc1	0.006131703499704599	0.0062612383626401424	0.006432955618947744	0.005919830873608589
opt-125m/9.fc2	0.0006909235380589962	0.0006883077439852059	0.0007156585343182087	0.0006637577316723764
opt-125m/9.self_attn.k_proj	0.521516740322113	0.22886180877685547	0.22617889940738678	0.20141613483428955
opt-125m/9.self_attn.out_proj	0.00031371164368465543	0.0003219085920136422	0.000326909008435905	0.0003067350189667195
opt-125m/9.self_attn.q_proj	0.21205008029937744	0.13054446876049042	0.1291966289281845	0.11990944296121597
opt-125m/9.self_attn.v_proj	0.011755662970244884	0.01219793688505888	0.012393022887408733	0.011458218097686768
opt-350m/0.fc1	0.034690987318754196	0.04151928424835205	0.031383827328681946	0.02266532927751541
opt-350m/0.fc2	0.0015579273458570242	0.001521043130196631	0.001486638793721795	0.0014386952389031649
opt-350m/0.self_attn.k_proj	0.0039855181239545345	0.0016217048978433013	0.00021517855930142105	0.0001445216330466792
opt-350m/0.self_attn.out_proj	5.2320054066967714e-08	5.5038096746784504e-08	5.207651554428594e-08	3.138666926361111e-08
opt-350m/0.self_attn.q_proj	0.003841498401015997	0.0007799578597769141	0.00015503348549827933	0.00013037468306720257
opt-350m/0.self_attn.v_proj	2.0599316485458985e-05	2.5267958335462026e-05	2.3838001652620733e-05	1.5671379514969885e-05
opt-350m/1.fc1	0.034090980887413025	0.03956475481390953	0.03403639420866966	0.027442824095487595
opt-350m/1.fc2	0.0031351912766695023	0.0017533067148178816	0.0017097569070756435	0.0016493286238983274
opt-350m/1.self_attn.k_proj	0.03854582458734512	0.03129605948925018	0.033512722700834274	0.024482449516654015
opt-350m/1.self_attn.out_proj	0.0004967497079633176	0.0005158306448720396	0.0005285778897814453	0.00046775321243330836
opt-350m/1.self_attn.q_proj	0.03165716677904129	0.03251025080680847	0.03022562712430954	0.02423188090324402
opt-350m/1.self_attn.v_proj	0.016010724008083344	0.01951618492603302	0.0182894729077816	0.013102607801556587
opt-350m/10.fc1	0.05201941728591919	0.054395586252212524	0.05384129658341408	0.05004201829433441
opt-350m/10.fc2	0.0069810329005122185	0.007080100476741791	0.0057519348338246346	0.005451236851513386
opt-350m/10.self_attn.k_proj	0.07536806166172028	0.07402066886425018	0.08259199559688568	0.06810121238231659
opt-350m/10.self_attn.out_proj	0.0030113854445517063	0.0030958231072872877	0.0029306330252438784	0.002732277847826481
opt-350m/10.self_attn.q_proj	0.07457759231328964	0.07762956619262695	0.07728317379951477	0.06970203667879105
opt-350m/10.self_attn.v_proj	0.03657486289739609	0.03862447291612625	0.03877468407154083	0.035346366465091705
opt-350m/11.fc1	0.05380767956376076	0.05586819723248482	0.055630698800086975	0.05187371000647545
opt-350m/11.fc2	0.006439481861889362	0.006486149504780769	0.006670129019767046	0.006289605051279068
opt-350m/11.self_attn.k_proj	0.07408010959625244	0.06920523196458817	0.0814576968550682	0.06487274169921875
opt-350m/11.self_attn.out_proj	0.002026753034442663	0.0020228889770805836	0.002111452631652355	0.001984900329262018
opt-350m/11.self_attn.q_proj	0.06684460490942001	0.06774286180734634	0.07059943675994873	0.06360265612602234
opt-350m/11.self_attn.v_proj	0.04262235760688782	0.04453215375542641	0.04541759938001633	0.041424959897994995
opt-350m/12.fc1	0.05737432837486267	0.05891809239983559	0.059243664145469666	0.05552247166633606
opt-350m/12.fc2	0.006490409839898348	0.00643411697819829	0.006602253764867783	0.0063605038449168205
opt-350m/12.self_attn.k_proj	0.0741473063826561	0.07224322110414505	0.079016774892807	0.0683789998292923
opt-350m/12.self_attn.out_proj	0.0032421464566141367	0.003232471877709031	0.0033478401601314545	0.003166094422340393
opt-350m/12.self_attn.q_proj	0.07555202394723892	0.07459487020969391	0.07692509889602661	0.06993411481380463
opt-350m/12.self_attn.v_proj	0.051148395985364914	0.05313961207866669	0.05339156091213226	0.04966122657060623
opt-350m/13.fc1	0.057930927723646164	0.05962321162223816	0.059890903532505035	0.056118495762348175
opt-350m/13.fc2	0.006984752602875233	0.006961279083043337	0.007183949928730726	0.006901383399963379
opt-350m/13.self_attn.k_proj	0.0768660381436348	0.07459844648838043	0.08341361582279205	0.0704759806394577
opt-350m/13.self_attn.out_proj	0.0032721704337745905	0.003276556497439742	0.003369320882484317	0.003224768443033099
opt-350m/13.self_attn.q_proj	0.07242482900619507	0.07389611005783081	0.07526743412017822	0.06981521844863892
opt-350m/13.self_attn.v_proj	0.05115707963705063	0.05303249508142471	0.05453157424926758	0.04985488951206207
opt-350m/14.fc1	0.05733117461204529	0.05960441008210182	0.05947105586528778	0.05562411993741989
opt-350m/14.fc2	0.0064866007305681705	0.006485732737928629	0.006691434420645237	0.006438044831156731
opt-350m/14.self_attn.k_proj	0.07544205337762833	0.07541799545288086	0.0796397477388382	0.07161224633455276
opt-350m/14.self_attn.out_proj	0.0018778820522129536	0.0018693007295951247	0.0019288742914795876	0.0018337874207645655
opt-350m/14.self_attn.q_proj	0.07503899931907654	0.07680687308311462	0.07802581042051315	0.07291483879089355
opt-350m/14.self_attn.v_proj	0.05573911964893341	0.05858798325061798	0.05970235541462898	0.05418501794338226
opt-350m/15.fc1	0.056426141411066055	0.05911006033420563	0.058587439358234406	0.05471730977296829
opt-350m/15.fc2	0.006548555102199316	0.006505920086055994	0.006709692999720573	0.006436754949390888
opt-350m/15.self_attn.k_proj	0.07624539732933044	0.07635380327701569	0.08015584200620651	0.0720030814409256
opt-350m/15.self_attn.out_proj	0.0019545508548617363	0.0019260260742157698	0.0019489515107125044	0.001851144596002996
opt-350m/15.self_attn.q_proj	0.0756591409444809	0.07786554843187332	0.07842910289764404	0.07322893291711807
opt-350m/15.self_attn.v_proj	0.05183171108365059	0.05490580573678017	0.055605266243219376	0.05045390874147415
opt-350m/16.fc1	0.05489906668663025	0.058223966509103775	0.05715945363044739	0.05321763455867767
opt-350m/16.fc2	0.006358835846185684	0.006247393321245909	0.006475980393588543	0.006147725507616997
opt-350m/16.self_attn.k_proj	0.07526222616434097	0.0760824978351593	0.07866213470697403	0.07175911217927933
opt-350m/16.self_attn.out_proj	0.0024421915877610445	0.0024524314794689417	0.002468555234372616	0.0023687544744461775
opt-350m/16.self_attn.q_proj	0.07689062505960464	0.07959804683923721	0.07958757877349854	0.07438860833644867
opt-350m/16.self_attn.v_proj	0.05597201734781265	0.05966804921627045	0.05976411700248718	0.05457500368356705
opt-350m/17.fc1	0.05264733359217644	0.05653873831033707	0.05471672862768173	0.050958987325429916
opt-350m/17.fc2	0.005764898844063282	0.005624864250421524	0.005795419681817293	0.005533704999834299
opt-350m/17.self_attn.k_proj	0.07207921147346497	0.07332660257816315	0.07533962279558182	0.06861678510904312
opt-350m/17.self_attn.out_proj	0.0017568129114806652	0.0017138710245490074	0.0017000986263155937	0.0015986523358151317
opt-350m/17.self_attn.q_proj	0.07431305199861526	0.07695125043392181	0.07704753428697586	0.07151748239994049
opt-350m/17.self_attn.v_proj	0.05293158441781998	0.05709967762231827	0.05714787542819977	0.05163116380572319
opt-350m/18.fc1	0.05012667551636696	0.05379220098257065	0.05186950042843819	0.048217903822660446
opt-350m/18.fc2	0.005108770914375782	0.005100394133478403	0.005282623693346977	0.005030924454331398
opt-350m/18.self_attn.k_proj	0.07045508921146393	0.0709393247961998	0.07243053615093231	0.06584467738866806
opt-350m/18.self_attn.out_proj	0.0012482588645070791	0.0012595090083777905	0.0012565789511427283	0.0011769072152674198
opt-350m/18.self_attn.q_proj	0.07967120409011841	0.07610377669334412	0.07641083002090454	0.07025983184576035
opt-350m/18.self_attn.v_proj	0.05094968527555466	0.05532936751842499	0.05554205924272537	0.04971233010292053
opt-350m/19.fc1	0.04875362664461136	0.05179356783628464	0.0499897226691246	0.046373993158340454
opt-350m/19.fc2	0.004840040113776922	0.004872964229434729	0.005046416539698839	0.004798419773578644
opt-350m/19.self_attn.k_proj	0.07831482589244843	0.07285940647125244	0.07842233777046204	0.06730154156684875
opt-350m/19.self_attn.out_proj	0.0015116252470761538	0.0015094149857759476	0.00156852463260293	0.0014655226841568947
opt-350m/19.self_attn.q_proj	0.0943588837981224	0.0776900127530098	0.0813104584813118	0.071027010679245
opt-350m/19.self_attn.v_proj	0.04336174950003624	0.0472712516784668	0.04738742485642433	0.04230165109038353
opt-350m/2.fc1	0.03553219884634018	0.04109968990087509	0.03754116967320442	0.031249523162841797
opt-350m/2.fc2	0.002234693383798003	0.002078360179439187	0.0020970976911485195	0.0020247315987944603
opt-350m/2.self_attn.k_proj	0.04547550529241562	0.04256704822182655	0.044312484562397	0.03545869514346123
opt-350m/2.self_attn.out_proj	0.0004976203199476004	0.0005058300448581576	0.000518694578204304	0.0004752262029796839
opt-350m/2.self_attn.q_proj	0.04314176365733147	0.04431957006454468	0.04415638744831085	0.03622185066342354
opt-350m/2.self_attn.v_proj	0.022046005353331566	0.02751452662050724	0.02612232230603695	0.0195261612534523
opt-350m/20.fc1	0.04834587499499321	0.05158225819468498	0.05046813189983368	0.046646855771541595
opt-350m/20.fc2	0.005084406118839979	0.005090594757348299	0.005301322788000107	0.005034342873841524
opt-350m/20.self_attn.k_proj	0.11205340176820755	0.08098216354846954	0.11616106331348419	0.07364805042743683
opt-350m/20.self_attn.out_proj	0.0018364363349974155	0.00184197211638093	0.0019008388044312596	0.0017970859771594405
opt-350m/20.self_attn.q_proj	0.11008210480213165	0.07880814373493195	0.08798252046108246	0.07218903303146362
opt-350m/20.self_attn.v_proj	0.03926906734704971	0.04252929612994194	0.042920343577861786	0.038321152329444885
opt-350m/21.fc1	0.04894575476646423	0.051385678350925446	0.05082608759403229	0.047186702489852905
opt-350m/21.fc2	0.00560026103630662	0.005593093112111092	0.005836648866534233	0.005523366387933493
opt-350m/21.self_attn.k_proj	0.12802954018115997	0.08485803008079529	0.12220624834299088	0.07849304378032684
opt-350m/21.self_attn.out_proj	0.0016412266995757818	0.0016518273623660207	0.0017086425796151161	0.0016019144095480442
opt-350m/21.self_attn.q_proj	0.10621548444032669	0.0837615579366684	0.09654764831066132	0.07854828238487244
opt-350m/21.self_attn.v_proj	0.03885079175233841	0.04131936654448509	0.04231951758265495	0.03792429715394974
opt-350m/22.fc1	0.04635849595069885	0.04778914898633957	0.04788222163915634	0.044542357325553894
opt-350m/22.fc2	0.006485897582024336	0.006475212052464485	0.0068686106242239475	0.006375383585691452
opt-350m/22.self_attn.k_proj	0.18629470467567444	0.11390063166618347	0.16731169819831848	0.10774025321006775
opt-350m/22.self_attn.out_proj	0.0031465552747249603	0.003157773520797491	0.003203054890036583	0.003098418703302741
opt-350m/22.self_attn.q_proj	0.09688664972782135	0.09755527228116989	0.1025177389383316	0.0925375372171402
opt-350m/22.self_attn.v_proj	0.040863651782274246	0.042454175651073456	0.04398675262928009	0.0399315170943737
opt-350m/23.fc1	0.040688931941986084	0.041722748428583145	0.04173434525728226	0.038736604154109955
opt-350m/23.fc2	0.005551083013415337	0.005263626575469971	0.005768639501184225	0.0051461379043757915
opt-350m/23.self_attn.k_proj	0.08695676922798157	0.07949218153953552	0.09430143237113953	0.07547318935394287
opt-350m/23.self_attn.out_proj	0.003992224112153053	0.00408545695245266	0.004027344286441803	0.0037224816624075174
opt-350m/23.self_attn.q_proj	0.07476939260959625	0.07632536441087723	0.07759445905685425	0.07240463048219681
opt-350m/23.self_attn.v_proj	0.053654640913009644	0.05427144467830658	0.05723699554800987	0.05223822593688965
opt-350m/3.fc1	0.03710966184735298	0.04255904257297516	0.03920514136552811	0.03382378816604614
opt-350m/3.fc2	0.0023917481303215027	0.0023427901323884726	0.0023892633616924286	0.0023060007952153683
opt-350m/3.self_attn.k_proj	0.050407201051712036	0.047524601221084595	0.049519412219524384	0.04115920513868332
opt-350m/3.self_attn.out_proj	0.0005201189196668565	0.0005013602785766125	0.0005133528029546142	0.0004797939909622073
opt-350m/3.self_attn.q_proj	0.05294186249375343	0.05052366852760315	0.051622822880744934	0.042729027569293976
opt-350m/3.self_attn.v_proj	0.02636849135160446	0.03223833069205284	0.031036004424095154	0.02425389736890793
opt-350m/4.fc1	0.03876712918281555	0.044030629098415375	0.04089470952749252	0.03573000803589821
opt-350m/4.fc2	0.0027166756335645914	0.0026645129546523094	0.0027255662716925144	0.002635819371789694
opt-350m/4.self_attn.k_proj	0.060039862990379333	0.05330272763967514	0.057045869529247284	0.04588526114821434
opt-350m/4.self_attn.out_proj	0.0006444210885092616	0.0006427668267861009	0.0006689681904390454	0.0006081312894821167
opt-350m/4.self_attn.q_proj	0.05676848441362381	0.055532194674015045	0.055250752717256546	0.04686656594276428
opt-350m/4.self_attn.v_proj	0.025873050093650818	0.030630534514784813	0.029284467920660973	0.024184055626392365
opt-350m/5.fc1	0.04029764235019684	0.04561294987797737	0.042172566056251526	0.03723399341106415
opt-350m/5.fc2	0.002715445589274168	0.002747585065662861	0.0028106067329645157	0.0026777535676956177
opt-350m/5.self_attn.k_proj	0.06658560037612915	0.04419460892677307	0.05102532356977463	0.03867843374609947
opt-350m/5.self_attn.out_proj	0.0005449645104818046	0.0005481555708684027	0.0005617153365164995	0.0005230584647506475
opt-350m/5.self_attn.q_proj	0.07147257775068283	0.0467367023229599	0.0494019016623497	0.039836905896663666
opt-350m/5.self_attn.v_proj	0.02539123222231865	0.0293752271682024	0.02799241989850998	0.023958193138241768
opt-350m/6.fc1	0.04285994917154312	0.04819098487496376	0.044965751469135284	0.04013015329837799
opt-350m/6.fc2	0.0032244971953332424	0.0032575963996350765	0.0033516823314130306	0.0031686166767030954
opt-350m/6.self_attn.k_proj	0.10389592498540878	0.053752973675727844	0.0782504677772522	0.0478360652923584
opt-350m/6.self_attn.out_proj	0.00085854297503829	0.0008702523191459477	0.000885434215888381	0.0008396109333261847
opt-350m/6.self_attn.q_proj	0.085687056183815	0.05401269346475601	0.05773545056581497	0.04541487619280815
opt-350m/6.self_attn.v_proj	0.02266114391386509	0.02549673803150654	0.024929489940404892	0.021552279591560364
opt-350m/7.fc1	0.04693214222788811	0.052053820341825485	0.04903257265686989	0.0444033183157444
opt-350m/7.fc2	0.004012623336166143	0.004072743002325296	0.004173740744590759	0.003953828942030668
opt-350m/7.self_attn.k_proj	0.10402941703796387	0.06085420027375221	0.08659210801124573	0.05406311899423599
opt-350m/7.self_attn.out_proj	0.0012605966767296195	0.0012649402488023043	0.0012970890384167433	0.0012323325499892235
opt-350m/7.self_attn.q_proj	0.07705608755350113	0.06084892898797989	0.06526550650596619	0.05186363309621811
opt-350m/7.self_attn.v_proj	0.025812290608882904	0.028588473796844482	0.02836606651544571	0.024777885526418686
opt-350m/8.fc1	0.04784206673502922	0.05192200094461441	0.049649693071842194	0.04545511305332184
opt-350m/8.fc2	0.005120591726154089	0.005134379491209984	0.0053490400314331055	0.005061259027570486
opt-350m/8.self_attn.k_proj	0.09374736249446869	0.0730355754494667	0.10434617102146149	0.06693097949028015
opt-350m/8.self_attn.out_proj	0.0017940711695700884	0.0017933030612766743	0.0018400363624095917	0.0017579388804733753
opt-350m/8.self_attn.q_proj	0.0817611813545227	0.07265271991491318	0.07517358660697937	0.06389518082141876
opt-350m/8.self_attn.v_proj	0.028073638677597046	0.0304626002907753	0.030723299831151962	0.027083130553364754
opt-350m/9.fc1	0.04848753660917282	0.05118314176797867	0.05006645619869232	0.04615579545497894
opt-350m/9.fc2	0.005253209732472897	0.00528360903263092	0.00551168667152524	0.005173292011022568
opt-350m/9.self_attn.k_proj	0.08568880707025528	0.07828523963689804	0.09867081046104431	0.07172545045614243
opt-350m/9.self_attn.out_proj	0.002000235952436924	0.0020215301774442196	0.0020810728892683983	0.0019265830051153898
opt-350m/9.self_attn.q_proj	0.07755734026432037	0.08269074559211731	0.08019043505191803	0.07314033806324005
opt-350m/9.self_attn.v_proj	0.030885161831974983	0.033371709287166595	0.03316531330347061	0.029816485941410065
